employee_id,employee_name,gender,age,hire_date,employment_status,job_title,job_level,grade,department,division,business_unit,location,manager_id,manager_name,salary,position_id,position_status,employment_type,work_arrangement,performance_rating,years_of_service
E11673,Mark Johnson,Male,61,1998-09-25,Active,Chief Executive Officer,0,G20,Executive Office,Executive Office,Corporate Services,Riyadh,,,2039500.0,P10001,Filled,Full-Time,On-site,2,28.0
E14803,Donald Walker,Male,30,2019-03-18,Active,Executive Assistant,6,G7,Executive Office,Executive Office,Corporate Services,Riyadh,E11673,Mark Johnson,114500.0,P10002,Filled,Full-Time,On-site,3,7.5
E12190,Noah Rhodes,Male,35,2016-04-19,Active,Executive Assistant,6,G8,Executive Office,Executive Office,Corporate Services,Riyadh,E11673,Mark Johnson,120500.0,P10003,Filled,Full-Time,On-site,3,10.4
E10492,Steven Miller,Male,46,2001-09-25,Active,Chief Human Resources Officer,1,G19,Executive Office,Executive Office,Corporate Services,Riyadh,E11673,Mark Johnson,1240700.0,P10004,Filled,Full-Time,On-site,4,25.0
E10438,Jennifer Johnson,Female,34,2016-04-21,Active,Executive Assistant,6,G9,Executive Office,Executive Office,Corporate Services,Riyadh,E10492,Steven Miller,121600.0,P10005,Filled,Full-Time,On-site,4,10.4
E10750,Colleen Wagner,Female,38,2023-12-21,Active,"Director, HR Operations",2,G17,HR Operations,Human Resources,Corporate Services,Riyadh,E10492,Steven Miller,465000.0,P10006,Filled,Full-Time,Hybrid,4,2.8
E11138,Alyssa Gonzalez,Female,39,2008-09-25,Active,HR Operations Manager,4,G13,HR Operations,Human Resources,Corporate Services,Riyadh,E10750,Colleen Wagner,320100.0,P10007,Filled,Full-Time,On-site,3,18.0
E13376,Matthew Gardner,Male,31,2020-04-22,Active,Senior HR Analyst,6,G8,HR Operations,Human Resources,Corporate Services,Riyadh,E11138,Alyssa Gonzalez,121300.0,P10008,Filled,Full-Time,Hybrid,4,6.4
E10676,Connie Lawrence,Female,34,2026-01-07,Active,HR Analyst,6,G6,HR Operations,Human Resources,Corporate Services,Riyadh,E11138,Alyssa Gonzalez,117900.0,P10009,Filled,Full-Time,On-site,4,0.7
E14372,Rhonda Smith,Female,25,2022-09-25,Active,HR Specialist,6,G6,HR Operations,Human Resources,Corporate Services,Riyadh,E11138,Alyssa Gonzalez,131900.0,P10010,Filled,Full-Time,On-site,2,4.0
E13607,Renee Wolfe,Female,27,2022-06-12,Active,HR Officer,6,G9,HR Operations,Human Resources,Corporate Services,Riyadh,E11138,Alyssa Gonzalez,105800.0,P10011,Filled,Full-Time,Hybrid,4,4.3
E14138,Gerald Moore,Male,30,2022-10-21,Active,Senior HR Analyst,6,G7,HR Operations,Human Resources,Corporate Services,Riyadh,E11138,Alyssa Gonzalez,139300.0,P10012,Filled,Full-Time,On-site,3,3.9
E14784,Tina Rogers,Female,31,2018-12-18,Active,HR Analyst,6,G5,HR Operations,Human Resources,Corporate Services,Riyadh,E11138,Alyssa Gonzalez,138200.0,P10013,Filled,Full-Time,On-site,2,7.8
E13591,Anna Davis,Female,46,2023-02-04,Active,HR Specialist,6,G6,HR Operations,Human Resources,Corporate Services,Riyadh,E11138,Alyssa Gonzalez,133900.0,P10014,Filled,Full-Time,On-site,3,3.6
E10183,Ryan Munoz,Male,28,2025-09-20,Active,HR Officer,6,G6,HR Operations,Human Resources,Corporate Services,Riyadh,E11138,Alyssa Gonzalez,108200.0,P10015,Filled,Full-Time,On-site,4,1.0
E10334,Robert Blair,Male,30,2025-02-21,Active,HR Analyst,6,G8,HR Operations,Human Resources,Corporate Services,Riyadh,E11138,Alyssa Gonzalez,121000.0,P10016,Filled,Full-Time,On-site,3,1.6
E14411,Kimberly Dudley,Female,36,2018-09-12,Active,HR Coordinator,6,G6,HR Operations,Human Resources,Corporate Services,Riyadh,E11138,Alyssa Gonzalez,127300.0,P10017,Filled,Full-Time,On-site,3,8.0
E14383,James Arnold,Male,33,2025-12-08,Active,HR Analyst,6,G6,HR Operations,Human Resources,Corporate Services,Riyadh,E11138,Alyssa Gonzalez,98300.0,P10018,Filled,Full-Time,On-site,3,0.8
,,,,,,HR Officer,6,G9,HR Operations,Human Resources,Corporate Services,Riyadh,E11138,Alyssa Gonzalez,,P10019,Vacant,,,,
E11220,Sandra Montgomery,Female,34,2025-09-17,Active,HR Analyst,6,G9,HR Operations,Human Resources,Corporate Services,Riyadh,E11138,Alyssa Gonzalez,107800.0,P10020,Filled,Full-Time,On-site,3,1.0
E10753,Scott Ray,Male,30,2020-04-20,Active,Senior HR Analyst,6,G8,HR Operations,Human Resources,Corporate Services,Riyadh,E11138,Alyssa Gonzalez,138700.0,P10021,Filled,Full-Time,On-site,3,6.4
E10529,Michael Williams,Male,36,2016-01-22,Active,HR Officer,6,G9,HR Operations,Human Resources,Corporate Services,Riyadh,E11138,Alyssa Gonzalez,121000.0,P10022,Filled,Full-Time,Hybrid,3,10.7
E12500,Crystal Roberts,Female,50,2019-07-18,Active,HR Operations Manager,4,G12,HR Operations,Human Resources,Corporate Services,Riyadh,E10750,Colleen Wagner,273800.0,P10023,Filled,Full-Time,On-site,4,7.2
E12670,Bobby Hall,Male,32,2015-09-26,Active,HR Officer,6,G9,HR Operations,Human Resources,Corporate Services,Riyadh,E12500,Crystal Roberts,163800.0,P10024,Filled,Full-Time,On-site,2,11.0
E14925,Brian Ramirez,Male,31,2025-12-15,Active,HR Coordinator,6,G5,HR Operations,Human Resources,Corporate Services,Riyadh,E12500,Crystal Roberts,115500.0,P10025,Filled,Full-Time,On-site,5,0.8
E11040,Madison Diaz,Female,33,2014-09-25,Active,Senior HR Analyst,6,G9,HR Operations,Human Resources,Corporate Services,Riyadh,E12500,Crystal Roberts,136300.0,P10026,Filled,Full-Time,On-site,3,12.0
E11297,Jacob Clark,Male,32,2025-03-11,Active,HR Analyst,6,G5,HR Operations,Human Resources,Corporate Services,Riyadh,E12500,Crystal Roberts,115700.0,P10027,Filled,Full-Time,On-site,3,1.5
E14632,Derek Zuniga,Male,27,2025-01-16,Active,HR Analyst,6,G5,HR Operations,Human Resources,Corporate Services,Riyadh,E12500,Crystal Roberts,119500.0,P10028,Filled,Full-Time,On-site,3,1.7
E11816,Matthew Lynch,Male,22,2025-09-25,Active,hr analyst,6,G9,HR Operations,Human Resources,Corporate Services,Riyadh,E12500,Crystal Roberts,100200.0,P10029,Filled,Full-Time,Remote,4,1.0
E11082,Christopher Daniel,Male,21,2026-08-20,Active,HR Coordinator,6,G9,HR Operations,Human Resources,Corporate Services,Riyadh,E12500,Crystal Roberts,114600.0,P10030,Filled,Full-Time,On-site,5,0.1
E11059,Christopher Gray,Male,35,2025-05-20,Active,HR Analyst,6,G7,HR Operations,Human Resources,Corporate Services,Riyadh,E12500,Crystal Roberts,120600.0,P10031,Filled,Full-Time,On-site,4,1.4
E10556,Wanda Bowman,Female,31,2016-09-25,Active,HR Analyst,6,G8,HR Operations,Human Resources,Corporate Services,Riyadh,E12500,Crystal Roberts,125700.0,P10032,Filled,Full-Time,On-site,3,10.0
E13028,Justin Cohen,Male,27,2020-09-25,Active,HR Analyst,6,G6,HR Operations,Human Resources,Corporate Services,Riyadh,E12500,Crystal Roberts,130200.0,P10033,Filled,Full-Time,Hybrid,4,6.0
E12261,Sarah Parsons,Female,38,2019-10-21,Active,HR Specialist,6,G8,HR Operations,Human Resources,Corporate Services,Riyadh,E12500,Crystal Roberts,107800.0,P10034,Filled,Full-Time,On-site,4,6.9
E12828,Daryl Johnson,Male,40,2023-11-21,Active,HR Analyst,6,G7,HR Operations,Human Resources,Corporate Services,Riyadh,E12500,Crystal Roberts,122500.0,P10035,Filled,Full-Time,Hybrid,2,2.8
,,,,,,Senior HR Analyst,6,G8,HR Operations,Human Resources,Corporate Services,Riyadh,E12500,Crystal Roberts,,P10036,Vacant,,,,
E12666,Emily Adams,Female,26,2021-09-25,Active,HR Coordinator,6,G7,HR Operations,Human Resources,Corporate Services,Riyadh,E12500,Crystal Roberts,123800.0,P10037,Filled,Full-Time,On-site,2,5.0
E14387,Daniel Hahn,Male,32,2015-09-26,Active,Senior HR Analyst,6,G9,HR Operations,Human Resources,Corporate Services,Riyadh,E12500,Crystal Roberts,156600.0,P10038,Filled,Full-Time,On-site,3,11.0
E14738,Sherri Edwards,Female,48,2017-06-13,Active,HR Operations Manager,4,G13,HR Operations,Human Resources,Corporate Services,Riyadh,E10750,Colleen Wagner,300000.0,P10039,Filled,Full-Time,Hybrid,4,9.3
E13910,Mary Foster,Female,26,2024-07-25,Active,HR Analyst,6,G8,HR Operations,Human Resources,Corporate Services,Riyadh,E14738,Sherri Edwards,115100.0,P10040,Filled,Contractor,On-site,5,2.2
E13793,Suzanne Ellis,Female,43,2021-12-11,Active,HR Officer,6,G7,HR Operations,Human Resources,Corporate Services,Riyadh,E14738,Sherri Edwards,114600.0,P10041,Filled,Full-Time,Hybrid,3,4.8
E14587,Derek Wright,Male,30,2021-08-29,Active,Senior HR Analyst,6,G9,HR Operations,Human Resources,Corporate Services,Riyadh,E14738,Sherri Edwards,132700.0,P10042,Filled,Full-Time,On-site,3,5.1
E11527,Justin Baker,Male,34,2022-03-22,Active,HR Coordinator,6,G6,HR Operations,Human Resources,Corporate Services,Riyadh,E14738,Sherri Edwards,108900.0,P10043,Filled,Full-Time,On-site,3,4.5
E12345,Kevin Hurst,Male,29,2022-06-02,Active,HR Analyst,6,G9,HR Operations,Human Resources,Corporate Services,Riyadh,E14738,Sherri Edwards,106500.0,P10044,Filled,Part-Time,On-site,5,4.3
E12362,Jennifer Robinson,Female,31,2023-01-31,Active,Senior HR Analyst,6,G9,HR Operations,Human Resources,Corporate Services,Riyadh,E14738,Sherri Edwards,116100.0,P10045,Filled,Full-Time,On-site,4,3.7
E13149,Zachary Hicks,Male,34,2025-11-02,Active,HR Analyst,6,G5,HR Operations,Human Resources,Corporate Services,Riyadh,E14738,Sherri Edwards,108800.0,P10046,Filled,Full-Time,Remote,2,0.9
E14264,Ann Williams,Female,21,2026-08-20,Active,Senior HR Analyst,6,G6,HR Operations,Human Resources,Corporate Services,Riyadh,E14738,Sherri Edwards,139700.0,P10047,Filled,Full-Time,On-site,3,0.1
E13602,Brian Burton,Male,27,2024-01-18,Active,Senior HR Analyst,6,G9,HR Operations,Human Resources,Corporate Services,Riyadh,E14738,Sherri Edwards,141200.0,P10048,Filled,Part-Time,On-site,3,2.7
,,,,,,Senior HR Analyst,6,G7,HR Operations,Human Resources,Corporate Services,Riyadh,E14738,Sherri Edwards,,P10049,Vacant,,,,
E11659,Ricky Henderson,Male,25,2023-09-27,Active,Senior HR Analyst,6,G9,HR Operations,Human Resources,Corporate Services,Riyadh,E14738,Sherri Edwards,141000.0,P10050,Filled,Full-Time,On-site,3,3.0
E14139,Amy James,Female,21,2026-08-20,Active,HR Analyst,6,G7,HR Operations,Human Resources,Corporate Services,Riyadh,E14738,Sherri Edwards,105900.0,P10051,Filled,Full-Time,Hybrid,3,0.1
E11525,Zachary Rice,Male,38,2017-02-06,Active,HR Specialist,6,G6,HR Operations,Human Resources,Corporate Services,Riyadh,E14738,Sherri Edwards,129400.0,P10052,Filled,Contractor,On-site,5,9.6
E14832,Wesley Valencia,Male,36,2019-05-23,Active,HR Analyst,6,G6,HR Operations,Human Resources,Corporate Services,Riyadh,E14738,Sherri Edwards,111000.0,P10053,Filled,Full-Time,On-site,4,7.3
E10670,Adam Le,Male,37,2021-08-05,Active,HR Coordinator,6,G5,HR Operations,Human Resources,Corporate Services,Riyadh,E14738,Sherri Edwards,121300.0,P10054,Filled,Full-Time,Hybrid,2,5.1
E12870,Michael Herrera,Male,49,2021-10-01,Active,"Director, HRIS",2,G17,HRIS,Human Resources,Corporate Services,Riyadh,E10492,Steven Miller,575800.0,P10055,Filled,Full-Time,Hybrid,3,5.0
E12421,Debra Davidson,Female,31,2016-09-25,Active,HRIS Senior Manager,3,G15,HRIS,Human Resources,Corporate Services,Riyadh,E12870,Michael Herrera,396200.0,P10056,Filled,Full-Time,On-site,2,10.0
E12166,Brian Graham,Male,40,2014-09-21,Active,HRIS Manager,4,G13,HRIS,Human Resources,Corporate Services,Riyadh,E12421,Debra Davidson,309900.0,P10057,Filled,Full-Time,On-site,3,12.0
E14631,Jesse Mckay,Male,44,2017-04-01,Active,HRIS Supervisor,5,G11,HRIS,Human Resources,Corporate Services,Riyadh,E12166,Brian Graham,194400.0,P10058,Filled,Full-Time,Hybrid,3,9.5
E12226,Sherri Baker,Female,25,2022-09-25,Active,HRIS Analyst,6,G8,HRIS,Human Resources,Corporate Services,Riyadh,E14631,Jesse Mckay,129700.0,P10059,Filled,Full-Time,Remote,3,4.0
E11662,Jonathan White,Male,25,2024-02-03,Active,Hris Analyst,6,G5,HRIS,Human Resources,Corporate Services,Riyadh,E14631,Jesse Mckay,131200.0,P10060,Filled,Full-Time,Hybrid,3,2.6
E14786,Susan Harrell,Female,26,2021-09-25,Active,HRIS Specialist,6,G8,HRIS,Human Resources,Corporate Services,Riyadh,E14631,Jesse Mckay,123600.0,P10061,Filled,Full-Time,Hybrid,3,5.0
E14507,Edwin Fowler,Male,36,2022-06-14,Active,HRIS Manager,4,G12,HRIS,Human Resources,Corporate Services,Riyadh,E12421,Debra Davidson,278200.0,P10062,Filled,Full-Time,Remote,2,4.3
E13864,Lisa Hernandez,Female,38,2021-11-18,Active,HRIS Supervisor,5,G10,HRIS,Human Resources,Corporate Services,Riyadh,E14507,Edwin Fowler,190600.0,P10063,Filled,Full-Time,Remote,3,4.9
E10050,Pamela Ryan,Female,27,2023-12-02,Active,HRIS Analyst,6,G9,HRIS,Human Resources,Corporate Services,Riyadh,E13864,Lisa Hernandez,106900.0,P10064,Filled,Full-Time,Remote,3,2.8
E10066,Paula Moreno,Female,40,2022-07-09,Active,HR Data Analyst,6,G8,HRIS,Human Resources,Corporate Services,Riyadh,E13864,Lisa Hernandez,119800.0,P10065,Filled,Full-Time,Hybrid,3,4.2
E14978,April Nguyen,Female,43,2016-07-25,Active,HRIS Senior Manager,3,G15,HRIS,Human Resources,Corporate Services,Riyadh,E12870,Michael Herrera,417600.0,P10066,Filled,Full-Time,On-site,1,10.2
E14446,Alec Hickman,Male,33,2014-09-25,Active,HRIS Manager,4,G12,HRIS,Human Resources,Corporate Services,Riyadh,E14978,April Nguyen,265500.0,P10067,Filled,Full-Time,On-site,2,12.0
E10278,Sherry Decker,Female,39,2025-07-16,Active,HRIS Supervisor,5,G11,HRIS,Human Resources,Corporate Services,Riyadh,E14446,Alec Hickman,221000.0,P10068,Filled,Full-Time,Remote,3,1.2
E10280,Elizabeth Brown,Female,29,2026-02-12,Active,HRIS Analyst,6,G6,HRIS,Human Resources,Corporate Services,Riyadh,E10278,Sherry Decker,115200.0,P10069,Filled,Full-Time,Remote,1,0.6
E12378,Sherry Arroyo,Female,44,2022-06-01,Active,"Director, Talent Acquisition",2,G16,Talent Acquisition,Human Resources,Corporate Services,Dubai,E10492,Steven Miller,432700.0,P10070,Filled,Full-Time,On-site,4,4.3
E11509,Angelica Tucker,Female,40,2016-04-23,Active,Talent Acquisition Manager,4,G12,Talent Acquisition,Human Resources,Corporate Services,Dubai,E12378,Sherry Arroyo,210400.0,P10071,Filled,Full-Time,On-site,3,10.4
E11500,Benjamin Hodges,Male,27,2024-11-25,Active,Recruitment Specialist,6,G6,Talent Acquisition,Human Resources,Corporate Services,Dubai,E11509,Angelica Tucker,91800.0,P10072,Filled,Part-Time,Remote,3,1.8
E10999,Ralph Anderson,Male,34,2023-02-10,Active,Talent Acquisition Specialist,6,G6,Talent Acquisition,Human Resources,Corporate Services,Riyadh,E11509,Angelica Tucker,127900.0,P10073,Filled,Part-Time,Hybrid,3,3.6
E11624,Karen Pierce,Female,31,2023-05-09,Active,Recruitment Specialist,6,G7,Talent Acquisition,Human Resources,Corporate Services,Dubai,E11509,Angelica Tucker,103800.0,P10074,Filled,Full-Time,Hybrid,3,3.4
E10719,Derek Brennan,Male,30,2025-10-04,Active,Senior Recruiter,6,G9,Talent Acquisition,Human Resources,Corporate Services,Dubai,E11509,Angelica Tucker,117700.0,P10075,Filled,Full-Time,On-site,4,1.0
E11533,Jenny Lewis,Female,37,2018-08-16,Active,Talent Acquisition Specialist,6,G5,Talent Acquisition,Human Resources,Corporate Services,Dubai,E11509,Angelica Tucker,123300.0,P10076,Filled,Full-Time,Hybrid,4,8.1
E14160,Joshua Blair,Male,33,2020-05-30,Active,Talent Acquisition Specialist,6,G8,Talent Acquisition,Human Resources,Corporate Services,Dubai,E11509,Angelica Tucker,122000.0,P10077,Filled,Full-Time,On-site,3,6.3
E12036,Curtis Collins,Male,25,2022-09-25,Active,Talent Acquisition Specialist,6,G6,Talent Acquisition,Human Resources,Corporate Services,Riyadh,E11509,Angelica Tucker,101400.0,P10078,Filled,Full-Time,Hybrid,4,4.0
E11736,Zachary Santos,Male,29,2023-08-27,Active,Senior Recruiter,6,G6,Talent Acquisition,Human Resources,Corporate Services,Dubai,E11509,Angelica Tucker,145000.0,P10079,Filled,Full-Time,Hybrid,3,3.1
E11627,Jessica Holmes,Female,32,2024-02-02,Active,Talent Acquisition Specialist,6,G6,Talent Acquisition,Human Resources,Corporate Services,Riyadh,E11509,Angelica Tucker,113400.0,P10080,Filled,Full-Time,On-site,4,2.6
E13688,Bryan Walker,Male,33,2021-01-07,Active,Talent Acquisition Specialist,6,G9,Talent Acquisition,Human Resources,Corporate Services,Dubai,E11509,Angelica Tucker,100500.0,P10081,Filled,Full-Time,Hybrid,3,5.7
E10302,George Chapman,Male,32,2025-04-22,Active,Recruiter,6,G9,Talent Acquisition,Human Resources,Corporate Services,Dubai,E11509,Angelica Tucker,101100.0,P10082,Filled,Full-Time,On-site,3,1.4
E11195,Crystal Robinson,Female,35,2024-08-26,Active,Recruitment Specialist,6,G6,Talent Acquisition,Human Resources,Corporate Services,Dubai,E11509,Angelica Tucker,105300.0,P10083,Filled,Full-Time,Hybrid,3,2.1
E13187,Benjamin Welch,Male,29,2025-10-22,Active,Talent Acquisition Specialist,6,G7,Talent Acquisition,Human Resources,Corporate Services,Dubai,E11509,Angelica Tucker,109000.0,P10084,Filled,Full-Time,Hybrid,3,0.9
E13448,Crystal Whitehead,Female,27,2020-09-25,Active,Recruiter,6,G7,Talent Acquisition,Human Resources,Corporate Services,Dubai,E11509,Angelica Tucker,96400.0,P10085,Filled,Full-Time,On-site,1,6.0
E11384,Shannon Jones,Female,36,2020-11-05,Active,Talent Acquisition Specialist,6,G5,Talent Acquisition,Human Resources,Corporate Services,Dubai,E11509,Angelica Tucker,112100.0,P10086,Filled,Full-Time,Hybrid,2,5.9
E10862,David Caldwell,Male,44,2021-12-16,Active,Talent Acquisition Manager,4,G12,Talent Acquisition,Human Resources,Corporate Services,Dubai,E12378,Sherry Arroyo,294100.0,P10087,Filled,Full-Time,Hybrid,2,4.8
E10443,Daniel Anderson,Male,34,2024-01-19,Active,Recruiter,6,G7,Talent Acquisition,Human Resources,Corporate Services,Riyadh,E10862,David Caldwell,109200.0,P10088,Filled,Full-Time,Hybrid,2,2.7
E13505,Taylor Duncan,Female,40,2020-09-08,Active,Talent Acquisition Specialist,6,G5,Talent Acquisition,Human Resources,Corporate Services,Dubai,E10862,David Caldwell,102400.0,P10089,Filled,Full-Time,Remote,3,6.0
E11622,John Mueller,Male,38,2022-11-09,Active,Talent Acquisition Specialist,6,G9,Talent Acquisition,Human Resources,Corporate Services,Dubai,E10862,David Caldwell,92200.0,P10090,Filled,Full-Time,On-site,3,3.9
E10006,Robert Lee,Male,35,2018-02-04,Active,Recruitment Specialist,6,G6,Talent Acquisition,Human Resources,Corporate Services,Dubai,E10862,David Caldwell,139300.0,P10091,Filled,Full-Time,On-site,3,8.6
E10733,Brent Jordan,Male,25,2022-09-25,Active,Senior Recruiter,6,G6,Talent Acquisition,Human Resources,Corporate Services,Dubai,E10862,David Caldwell,160400.0,P10092,Filled,Full-Time,On-site,3,4.0
E13885,Jessica Owens,Female,46,2019-06-19,Active,Talent Acquisition Specialist,6,G9,Talent Acquisition,Human Resources,Corporate Services,Dubai,E90001,Zachary Sanford,123700.0,P10093,Filled,Full-Time,On-site,3,7.3
E12238,Nicholas Nunez,Male,21,2026-08-20,Active,Senior Recruiter,6,G7,Talent Acquisition,Human Resources,Corporate Services,Dubai,E10862,David Caldwell,111400.0,P10094,Filled,Full-Time,Remote,3,0.1
E14622,William Garcia,Male,35,2021-12-12,Active,Senior Recruiter,6,G8,Talent Acquisition,Human Resources,Corporate Services,Dubai,E10862,David Caldwell,122900.0,P10095,Filled,Full-Time,Hybrid,3,4.8
E13476,Jennifer Morgan,Female,31,2022-03-04,On Leave,Recruiter,6,G7,Talent Acquisition,Human Resources,Corporate Services,Dubai,E10862,David Caldwell,100300.0,P10096,Filled,Full-Time,Hybrid,2,4.6
E14436,Shannon Wright,Female,38,2018-06-22,Active,Talent Acquisition Specialist,6,G8,Talent Acquisition,Human Resources,Corporate Services,Dubai,E10862,David Caldwell,113700.0,P10097,Filled,Full-Time,Hybrid,4,8.3
E10979,Connor West,Male,35,2024-07-06,Active,Recruitment Specialist,6,G5,Talent Acquisition,Human Resources,Corporate Services,Dubai,E10862,David Caldwell,100800.0,P10098,Filled,Full-Time,Hybrid,3,2.2
,,,,,,Senior Recruiter,6,G8,Talent Acquisition,Human Resources,Corporate Services,Jeddah,E10862,David Caldwell,,P10099,Vacant,,,,
E14539,Jennifer Ramirez,Female,30,2020-06-25,On Leave,Talent Acquisition Specialist,6,G7,Talent Acquisition,Human Resources,Corporate Services,Dubai,E10862,David Caldwell,112500.0,P10100,Filled,Full-Time,On-site,3,6.3
E12315,Danielle Leblanc,Female,33,2023-01-07,Active,Senior Recruiter,6,G9,Talent Acquisition,Human Resources,Corporate Services,Dubai,E10862,David Caldwell,123800.0,P10101,Filled,Full-Time,On-site,3,3.7
E10106,Jessica Callahan,Female,32,2021-04-23,Active,Recruiter,6,G8,Talent Acquisition,Human Resources,Corporate Services,Dubai,E10862,David Caldwell,107400.0,P10102,Filled,Contractor,On-site,3,5.4
E12779,Krista Williams,Female,30,2022-11-05,Active,Senior Recruiter,6,G7,Talent Acquisition,Human Resources,Corporate Services,Dubai,E10862,David Caldwell,131200.0,P10103,Filled,Full-Time,On-site,2,3.9
E14630,Zachary Huff,Male,30,2022-02-26,Active,Talent Acquisition Specialist,6,G7,Talent Acquisition,Human Resources,Corporate Services,Dubai,E10862,David Caldwell,97500.0,P10104,Filled,Full-Time,Remote,3,4.6
E11421,Wayne House,Male,38,2009-09-25,Active,"Director, Learning & Development",2,G17,Learning & Development,Human Resources,Corporate Services,Riyadh,E10492,Steven Miller,598000.0,P10105,Filled,Full-Time,On-site,3,17.0
E11147,Samuel Martin,Male,40,2007-09-26,Active,L&D Manager,4,G13,Learning & Development,Human Resources,Corporate Services,Riyadh,E11421,Wayne House,258900.0,P10106,Filled,Full-Time,On-site,4,19.0
E10722,John Lewis,Male,34,2022-09-04,Active,Learning & Development Specialist,6,G6,Learning & Development,Human Resources,Corporate Services,Riyadh,E11147,Samuel Martin,108900.0,P10107,Filled,Full-Time,Hybrid,4,4.1
E13340,Jennifer Brown,Female,22,2025-09-25,Active,Learning & Development Specialist,6,G9,Learning & Development,Human Resources,Corporate Services,Riyadh,E11147,Samuel Martin,89000.0,P10108,Filled,Full-Time,On-site,2,1.0
E11565,Jamie Galloway,Female,35,2023-04-21,Active,Learning & Development Specialist,6,G9,Learning & Development,Human Resources,Corporate Services,Riyadh,E11147,Samuel Martin,114800.0,P10109,Filled,Full-Time,Hybrid,4,3.4
E13415,Deborah Bowers,Female,27,2022-02-10,Active,Training Specialist,6,G8,Learning & Development,Human Resources,Corporate Services,Riyadh,E11147,Samuel Martin,109800.0,P10110,Filled,Full-Time,On-site,2,4.6
E13125,Jordan Henderson,Female,28,2023-11-25,Active,Training Specialist,6,G7,Learning & Development,Human Resources,Corporate Services,Riyadh,E11147,Samuel Martin,101200.0,P10111,Filled,Full-Time,On-site,4,2.8
E10451,Tyler Cowan,Male,25,2024-03-25,Active,Learning & Development Specialist,6,G6,Learning & Development,Human Resources,Corporate Services,Riyadh,E11147,Samuel Martin,97200.0,P10112,Filled,Full-Time,On-site,4,2.5
E12360,Justin Higgins,Male,30,2018-02-05,On Leave,L&D Specialist,6,G7,Learning & Development,Human Resources,Corporate Services,Riyadh,E11147,Samuel Martin,115600.0,P10113,Filled,Full-Time,On-site,2,8.6
E11395,Christopher Phillips,Male,27,2023-07-12,Active,Learning & Development Specialist,6,G5,Learning & Development,Human Resources,Corporate Services,Riyadh,E11147,Samuel Martin,116000.0,P10114,Filled,Full-Time,On-site,3,3.2
E10433,Wayne Riley,Male,31,2024-12-29,Active,Training Specialist,6,G6,Learning & Development,Human Resources,Corporate Services,Riyadh,E11147,Samuel Martin,96100.0,P10115,Filled,Full-Time,On-site,2,1.7
E10082,Kimberly Adkins,Female,32,2023-10-15,Active,Instructional Designer,6,G6,Learning & Development,Human Resources,Corporate Services,Riyadh,E11147,Samuel Martin,110600.0,P10116,Filled,Full-Time,On-site,4,2.9
E12501,Anthony Silva,Male,30,2023-07-11,Active,L&D Manager,4,G12,Learning & Development,Human Resources,Corporate Services,Riyadh,E11421,Wayne House,239500.0,P10117,Filled,Full-Time,On-site,3,3.2
E11901,Jonathan Farrell,Male,42,2016-01-03,Active,L&D Specialist,6,G7,Learning & Development,Human Resources,Corporate Services,Riyadh,E12501,Anthony Silva,116800.0,P10118,Filled,Full-Time,Hybrid,4,10.7
,,,,,,L&D Specialist,6,G6,Learning & Development,Human Resources,Corporate Services,Riyadh,E12501,Anthony Silva,,P10119,Vacant,,,,
E10643,Christopher Yu,Male,29,2018-09-25,Active,Learning & Development Specialist,6,G9,Learning & Development,Human Resources,Corporate Services,Riyadh,E12501,Anthony Silva,128100.0,P10120,Filled,Part-Time,Hybrid,4,8.0
E11394,Bobby Lopez,Male,33,2023-02-16,Active,Instructional Designer,6,G7,Learning & Development,Human Resources,Corporate Services,Riyadh,E12501,Anthony Silva,116900.0,P10121,Filled,Full-Time,On-site,2,3.6
E13300,Kurt Leonard,Male,41,2015-02-10,Active,L&D Specialist,6,G6,Learning & Development,Human Resources,Corporate Services,Riyadh,E12501,Anthony Silva,133300.0,P10122,Filled,Full-Time,On-site,3,11.6
E14730,David Wilson,Male,34,2024-06-08,Active,Instructional Designer,6,G7,Learning & Development,Human Resources,Corporate Services,Riyadh,E12501,Anthony Silva,102300.0,P10123,Filled,Full-Time,On-site,3,2.3
E10441,Steve Sanchez,Male,30,2025-05-15,Active,Learning & Development Specialist,6,G9,Learning & Development,Human Resources,Corporate Services,Riyadh,E12501,Anthony Silva,99900.0,P10124,Filled,Full-Time,Hybrid,3,1.4
E14089,Kristopher Harvey,Male,41,2025-05-29,Active,Training Specialist,6,G8,Learning & Development,Human Resources,Corporate Services,Riyadh,E12501,Anthony Silva,101000.0,P10125,Filled,Full-Time,On-site,2,1.3
E13526,Jennifer Silva,Female,36,2023-01-01,Active,Learning & Development Specialist,6,G5,Learning & Development,Human Resources,Corporate Services,Riyadh,E12501,Anthony Silva,106400.0,P10126,Filled,Full-Time,Hybrid,3,3.7
E12716,Joseph Donovan,Male,37,2024-04-09,Active,Head of Total Rewards,2,G16,Total Rewards,Human Resources,Corporate Services,Riyadh,E10492,Steven Miller,535000.0,P10127,Filled,Full-Time,On-site,2,2.5
E14461,Dan Moran,Male,25,2023-06-24,Active,Compensation Analyst,6,G7,Total Rewards,Human Resources,Corporate Services,Riyadh,E12716,Joseph Donovan,133900.0,P10128,Filled,Full-Time,Remote,3,3.3
E14661,David Foster,Male,35,2025-12-21,Active,Compensation Analyst,6,G9,Total Rewards,Human Resources,Corporate Services,Riyadh,E12716,Joseph Donovan,116000.0,P10129,Filled,Full-Time,Hybrid,3,0.8
E10841,Michael Evans,Male,46,2023-11-30,Active,Chief Financial Officer,1,G19,Executive Office,Executive Office,Corporate Services,Riyadh,E11673,Mark Johnson,904200.0,P10130,Filled,Full-Time,On-site,3,2.8
E11409,Emily Walton,Female,21,2026-08-20,Active,Executive Assistant,6,G7,Executive Office,Executive Office,Corporate Services,Riyadh,E10841,Michael Evans,99200.0,P10131,Filled,Full-Time,On-site,3,0.1
E10094,Benjamin Ellis,Male,46,2015-04-24,Active,"Director, Accounting",2,G17,Accounting,Finance,Corporate Services,Riyadh,E10841,Michael Evans,549700.0,P10132,Filled,Full-Time,On-site,1,11.4
E10324,Yvette Ferrell,Female,40,2018-10-30,Active,Senior Accounting Manager,3,G14,Accounting,Finance,Corporate Services,Riyadh,E10094,Benjamin Ellis,394900.0,P10133,Filled,Full-Time,On-site,4,7.9
E14596,Angel Lewis,Female,37,2010-09-25,Active,Accounting Manager,4,G12,Accounting,Finance,Corporate Services,Riyadh,E10324,Yvette Ferrell,294100.0,P10134,Filled,Full-Time,On-site,2,16.0
E13167,Derek Mahoney,Male,36,2021-03-14,Active,Accounting Supervisor,5,G11,Accounting,Finance,Corporate Services,Riyadh,E14596,Angel Lewis,164400.0,P10135,Filled,Full-Time,On-site,3,5.5
E11029,Stanley Suarez,Male,29,2018-09-25,Active,Senior Accountant,6,G7,Accounting,Finance,Corporate Services,Riyadh,E13167,Derek Mahoney,132500.0,P10136,Filled,Full-Time,On-site,3,8.0
E12456,Jacob Moore,Male,28,2022-09-30,Active,Senior Accountant,6,G7,Accounting,Finance,Corporate Services,Riyadh,E13167,Derek Mahoney,138500.0,P10137,Filled,Full-Time,Remote,3,4.0
E14951,Roy Warner,Male,34,2021-03-31,Active,Accountant,6,G6,Accounting,Finance,Corporate Services,Riyadh,E13167,Derek Mahoney,111400.0,P10138,Filled,Full-Time,On-site,2,5.5
E11596,Lisa Archer,Female,31,2021-11-01,Active,Accountant,6,G6,Accounting,Finance,Corporate Services,Riyadh,E13167,Derek Mahoney,121400.0,P10139,Filled,Full-Time,Remote,3,4.9
E13350,Matthew Smith,Male,36,2025-09-27,Active,Senior Accountant,6,G10,Accounting,Finance,Corporate Services,Riyadh,E13167,Derek Mahoney,133600.0,P10140,Filled,Contractor,Hybrid,4,1.0
E11546,Ruth Evans,Female,26,2023-11-02,Active,Senior Accountant,6,G10,Accounting,Finance,Corporate Services,Riyadh,E13167,Derek Mahoney,135900.0,P10141,Filled,Part-Time,Hybrid,3,2.9
E11603,Matthew Mcmillan,Male,24,2023-09-26,Active,Staff Accountant,6,G9,Accounting,Finance,Corporate Services,Riyadh,E13167,Derek Mahoney,109100.0,P10142,Filled,Full-Time,On-site,5,3.0
E14173,Chad Wilson,Male,27,2023-11-22,Active,Senior Accountant,6,G9,Accounting,Finance,Corporate Services,Riyadh,E13167,Derek Mahoney,141800.0,P10143,Filled,Part-Time,Remote,3,2.8
E14076,Brian Tran,Male,40,2019-08-30,Active,Accounting Supervisor,5,G11,Accounting,Finance,Corporate Services,Riyadh,E14596,Angel Lewis,194200.0,P10144,Filled,Full-Time,On-site,4,7.1
E14555,Dominic Jacobs,Male,29,2020-12-05,Active,Staff Accountant,6,G9,Accounting,Finance,Corporate Services,Riyadh,E14076,Brian Tran,99700.0,P10145,Filled,Full-Time,On-site,4,5.8
E12384,Michelle Harris,Female,35,2023-08-01,Active,Accounts Receivable Accountant,6,G7,Accounting,Finance,Corporate Services,Riyadh,E14076,Brian Tran,105600.0,P10146,Filled,Full-Time,On-site,4,3.2
E11182,Madison Baker,Female,33,2017-05-01,Active,Senior Accountant,6,G9,Accounting,Finance,Corporate Services,Riyadh,E14076,Brian Tran,152400.0,P10147,Filled,Full-Time,Remote,4,9.4
E11043,Katherine Whitehead,Female,29,2024-05-22,Active,Accounts Payable Accountant,6,G8,Accounting,Finance,Corporate Services,Riyadh,E14076,Brian Tran,123100.0,P10148,Filled,Contractor,On-site,3,2.3
E13758,Ryan Davis,Male,36,2020-08-19,Active,Senior Accountant,6,G8,Accounting,Finance,Corporate Services,Riyadh,E14076,Brian Tran,168100.0,P10149,Filled,Full-Time,On-site,4,6.1
E11631,Jessica Hill,Female,29,2025-01-16,Active,Accounting Supervisor,5,G11,Accounting,Finance,Corporate Services,Riyadh,E14596,Angel Lewis,189900.0,P10150,Filled,Full-Time,On-site,3,1.7
E12256,Aaron Wise,Male,26,2021-09-25,Active,Accounts Receivable Accountant,6,G5,Accounting,Finance,Corporate Services,Riyadh,E11631,Jessica Hill,109100.0,P10151,Filled,Full-Time,Hybrid,3,5.0
E11241,Mark Green,Male,33,2024-08-17,Active,Staff Accountant,6,G6,Accounting,Finance,Corporate Services,Riyadh,E11631,Jessica Hill,102600.0,P10152,Filled,Full-Time,On-site,3,2.1
E12441,Patrick Arnold,Male,44,2021-07-05,Active,Accounts Payable Accountant,6,G5,Accounting,Finance,Corporate Services,Riyadh,E11631,Jessica Hill,124300.0,P10153,Filled,Full-Time,Remote,3,5.2
E14258,Jeffrey Smith,Male,31,2022-11-27,Active,Accounts Receivable Accountant,6,G5,Accounting,Finance,Corporate Services,Jeddah,E11631,Jessica Hill,103700.0,P10154,Filled,Full-Time,On-site,5,3.8
E13992,Angela Ware,Female,21,2026-08-20,Active,Senior Accountant,6,G6,Accounting,Finance,Corporate Services,Riyadh,E11631,Jessica Hill,121500.0,P10155,Filled,Full-Time,Hybrid,1,0.1
E13086,Stuart Gardner,Male,33,2020-04-27,Active,Accounts Receivable Accountant,6,G9,Accounting,Finance,Corporate Services,Riyadh,E11631,Jessica Hill,106500.0,P10156,Filled,Full-Time,On-site,2,6.4
E12319,Sandra Aguilar,Female,40,2017-04-04,Active,Accounting Manager,4,G13,Accounting,Finance,Corporate Services,Riyadh,E10324,Yvette Ferrell,270700.0,P10157,Filled,Full-Time,Remote,2,9.5
E13136,Charles Anderson,Male,37,2021-02-09,Active,Accounting Supervisor,5,G10,Accounting,Finance,Corporate Services,Riyadh,E12319,Sandra Aguilar,149500.0,P10158,Filled,Full-Time,On-site,4,5.6
E11574,Elizabeth Nolan,Female,29,2020-10-08,Active,Accounts Payable Accountant,6,G9,Accounting,Finance,Corporate Services,Riyadh,E13136,Charles Anderson,118000.0,P10159,Filled,Contractor,On-site,5,6.0
E13922,Robert Valencia,Male,35,2021-12-05,Active,Senior Accountant,6,G6,Accounting,Finance,Corporate Services,Riyadh,E13136,Charles Anderson,136100.0,P10160,Filled,Full-Time,On-site,4,4.8
E10761,Steven Clark,Male,37,2025-02-08,Active,Staff Accountant,6,G5,Accounting,Finance,Corporate Services,Riyadh,E13136,Charles Anderson,131600.0,P10161,Filled,Full-Time,On-site,3,1.6
E12837,Danielle Garcia,Female,33,2016-05-23,Active,Senior Accountant,6,G8,Accounting,Finance,Corporate Services,Riyadh,E13136,Charles Anderson,159600.0,P10162,Filled,Full-Time,On-site,4,10.3
E13285,Richard Henson,Male,25,2022-09-25,Active,Staff Accountant,6,G6,Accounting,Finance,Corporate Services,Riyadh,E13136,Charles Anderson,126500.0,P10152,Filled,Full-Time,On-site,5,4.0
E11008,Jason Oliver,Male,29,2018-09-25,Active,Accounting Supervisor,5,G10,Accounting,Finance,Corporate Services,Riyadh,E12319,Sandra Aguilar,185600.0,P10164,Filled,Full-Time,On-site,3,8.0
E12300,Christopher Spears,Male,22,2025-09-25,Active,Senior Accountant,6,G9,Accounting,Finance,Corporate Services,Riyadh,E11008,Jason Oliver,124900.0,P10165,Filled,Full-Time,Hybrid,3,1.0
E11057,Sharon Cherry,Female,35,2022-01-25,Active,Accountant,6,G5,Accounting,Finance,Corporate Services,Riyadh,E11008,Jason Oliver,115800.0,P10166,Filled,Full-Time,On-site,4,4.7
E11282,Rita Keith,Female,27,2020-09-25,Active,Staff Accountant,6,G6,Accounting,Finance,Corporate Services,Riyadh,E11008,Jason Oliver,129000.0,P10167,Filled,Full-Time,Hybrid,3,6.0
,,,,,,Accounts Receivable Accountant,6,G7,Accounting,Finance,Corporate Services,Riyadh,E11008,Jason Oliver,,P10168,Vacant,,,,
E12460,Alexander Doyle,Male,29,2023-05-23,Active,Accountant,6,G7,Accounting,Finance,Corporate Services,Riyadh,E11008,Jason Oliver,102800.0,P10169,Filled,Full-Time,On-site,3,3.3
E11288,Evelyn Galvan,Female,31,2016-09-25,Active,Accounts Payable Accountant,6,G5,Accounting,Finance,Corporate Services,Riyadh,E11008,Jason Oliver,114800.0,P10170,Filled,Full-Time,On-site,3,10.0
E13057,Robert Shields,Male,33,2015-09-10,Active,Accounting Supervisor,5,G10,Accounting,Finance,Corporate Services,Riyadh,E12319,Sandra Aguilar,204100.0,P10171,Filled,Full-Time,On-site,3,11.0
E11118,Rita Adams,Female,31,2024-07-10,Active,Accounts Receivable Accountant,6,G7,Accounting,Finance,Corporate Services,Riyadh,E13057,Robert Shields,117800.0,P10172,Filled,Full-Time,On-site,4,2.2
E12536,Richard Rodriguez,Male,28,2023-03-06,Active,Senior Accountant,6,G9,Accounting,Finance,Corporate Services,Riyadh,E13057,Robert Shields,124800.0,P10173,Filled,Full-Time,On-site,3,3.6
E12397,Shelby Garrison,Female,33,2021-01-25,Active,Accounts Payable Accountant,6,G9,Accounting,Finance,Corporate Services,Riyadh,E13057,Robert Shields,124900.0,P10174,Filled,Full-Time,On-site,3,5.7
E12895,Daniel Velasquez,Male,24,2023-09-26,Active,Senior Accountant,6,G9,Accounting,Finance,Corporate Services,Riyadh,E13057,Robert Shields,135900.0,P10175,Filled,Full-Time,Hybrid,3,3.0
E10096,Joe Torres,Male,30,2019-08-10,Active,Staff Accountant,6,G6,Accounting,Finance,Corporate Services,Riyadh,E13057,Robert Shields,122300.0,P10176,Filled,Contractor,On-site,2,7.1
E11183,Robert Perez,Male,33,2025-03-25,Active,Staff Accountant,6,G9,Accounting,Finance,Corporate Services,Riyadh,E13057,Robert Shields,99200.0,P10177,Filled,Full-Time,On-site,4,1.5
E12776,Alexander Lee,Male,30,2020-04-17,Active,Accountant,6,G7,Accounting,Finance,Corporate Services,Riyadh,E13057,Robert Shields,123100.0,P10178,Filled,Full-Time,Remote,4,6.4
E14110,Garrett Lin,Male,46,2018-02-19,Active,Senior Accounting Manager,3,G15,Accounting,Finance,Corporate Services,Riyadh,E10094,Benjamin Ellis,370300.0,P10179,Filled,Full-Time,On-site,3,8.6
E13391,Tracy Ramirez,Female,35,2016-08-29,Active,Accounting Manager,4,G13,Accounting,Finance,Corporate Services,Riyadh,E14110,Garrett Lin,314200.0,P10180,Filled,Full-Time,On-site,3,10.1
E12818,Margaret Ross,Female,37,2017-09-09,Active,Accounting Supervisor,5,G10,Accounting,Finance,Corporate Services,Riyadh,E13391,Tracy Ramirez,175900.0,P10181,Filled,Full-Time,Hybrid,5,9.0
E14081,Veronica Herrera,Female,33,2014-09-25,Active,Senior Accountant,6,G6,Accounting,Finance,Corporate Services,Riyadh,E12818,Margaret Ross,143900.0,P10182,Filled,Full-Time,Hybrid,2,12.0
E13067,Todd Wilson,Male,21,2026-08-20,Active,Senior Accountant,6,G9,Accounting,Finance,Corporate Services,Riyadh,E12818,Margaret Ross,104500.0,P10183,Filled,Contractor,On-site,3,0.1
E11743,Tracy White,Female,34,2026-01-26,Active,Senior Accountant,6,G6,Accounting,Finance,Corporate Services,Riyadh,E12818,Margaret Ross,133700.0,P10184,Filled,Full-Time,On-site,4,0.7
E14525,Victor Baker,Male,29,2021-11-08,Active,Accounts Receivable Accountant,6,G7,Accounting,Finance,Corporate Services,Riyadh,E12818,Margaret Ross,113400.0,P10185,Filled,Full-Time,On-site,3,4.9
E12086,Ashley Hamilton,Female,33,2023-08-07,Active,Accounts Payable Accountant,6,G8,Accounting,Finance,Corporate Services,Riyadh,E12818,Margaret Ross,110400.0,P10186,Filled,Full-Time,On-site,3,3.1
E13143,Nicholas Edwards,Male,41,2023-02-09,Active,Staff Accountant,6,G7,Accounting,Finance,Corporate Services,Riyadh,E12818,Margaret Ross,133800.0,P10187,Filled,Full-Time,On-site,3,3.6
E12336,Lisa Dixon,Female,38,2019-02-22,Active,Staff Accountant,6,G8,Accounting,Finance,Corporate Services,Riyadh,E12818,Margaret Ross,112900.0,P10188,Filled,Full-Time,On-site,4,7.6
E10150,James Ray,Male,30,2019-01-21,Active,Accounting Supervisor,5,G10,Accounting,Finance,Corporate Services,Riyadh,E13391,Tracy Ramirez,188800.0,P10189,Filled,Full-Time,On-site,5,7.7
E11902,Dawn Fletcher,Female,29,2021-11-28,Active,Accounts Payable Accountant,6,G5,Accounting,Finance,Corporate Services,Riyadh,E10150,James Ray,118100.0,P10190,Filled,Full-Time,Hybrid,3,4.8
E13546,April Frost,Female,28,2019-09-26,Active,Staff Accountant,6,G8,Accounting,Finance,Corporate Services,Riyadh,E10150,James Ray,136800.0,P10191,Filled,Full-Time,On-site,3,7.0
E10402,Joshua Ball,Male,37,2018-08-15,Active,Staff Accountant,6,G5,Accounting,Finance,Corporate Services,Riyadh,E10150,James Ray,127100.0,P10192,Filled,Full-Time,On-site,4,8.1
E14027,Patrick Lambert,Male,32,2016-09-24,Active,Senior Accountant,6,G8,Accounting,Finance,Corporate Services,Riyadh,E10150,James Ray,135800.0,P10193,Filled,Full-Time,On-site,1,10.0
E13282,Helen Jones,Female,29,2021-05-24,Active,Senior Accountant,6,G6,Accounting,Finance,Corporate Services,Riyadh,E10150,James Ray,142500.0,P10194,Filled,Contractor,Remote,3,5.3
E10839,Matthew Rivera,Male,37,2019-08-17,Active,Accounting Supervisor,5,G11,Accounting,Finance,Corporate Services,Riyadh,E13391,Tracy Ramirez,173800.0,P10195,Filled,Full-Time,On-site,4,7.1
E12214,Emily Charles,Female,33,2024-06-14,Active,Senior Accountant,6,G7,Accounting,Finance,Corporate Services,Riyadh,E10839,Matthew Rivera,136000.0,P10196,Filled,Full-Time,Remote,2,2.3
E14488,Nathan Evans,Male,32,2024-02-24,Active,Accounts Payable Accountant,6,G6,Accounting,Finance,Corporate Services,Riyadh,E10839,Matthew Rivera,121700.0,P10197,Filled,Full-Time,On-site,3,2.6
E13478,Eric Ortiz,Male,25,2022-09-25,Active,Senior Accountant,6,G10,Accounting,Finance,Corporate Services,Riyadh,E10839,Matthew Rivera,149400.0,P10198,Filled,Full-Time,On-site,2,4.0
E10949,Jennifer Phillips,Female,23,2024-09-25,Active,Senior Accountant,6,G9,Accounting,Finance,Corporate Services,Riyadh,E10839,Matthew Rivera,148900.0,P10199,Filled,Full-Time,Remote,3,2.0
E12171,Cameron Fisher,Male,26,2022-06-23,Active,Accountant,6,G6,Accounting,Finance,Corporate Services,Riyadh,E10839,Matthew Rivera,115300.0,P10200,Filled,Full-Time,Hybrid,3,4.3
E12636,Teresa Byrd,Female,35,2017-08-06,Active,Accountant,6,G8,Accounting,Finance,Corporate Services,Riyadh,E10839,Matthew Rivera,135000.0,P10201,Filled,Full-Time,On-site,3,9.1
E12230,Steven Gilbert,Male,37,2015-07-20,Active,Staff Accountant,6,G8,Accounting,Finance,Corporate Services,Jeddah,E10839,Matthew Rivera,131000.0,P10202,Filled,Full-Time,On-site,2,11.2
E13485,Elizabeth Kelley,Female,44,2021-03-22,Active,Accounts Payable Accountant,6,G8,Accounting,Finance,Corporate Services,Riyadh,E10839,Matthew Rivera,111500.0,P10203,Filled,Full-Time,Hybrid,4,5.5
E10868,April Mitchell,Female,38,2018-11-16,Active,Accounting Manager,4,G12,Accounting,Finance,Corporate Services,Riyadh,E14110,Garrett Lin,278300.0,P10204,Filled,Full-Time,Hybrid,2,7.9
E13369,Jeffrey Carpenter,Male,46,2012-09-21,Active,Accounting Supervisor,5,G11,Accounting,Finance,Corporate Services,Riyadh,E10868,April Mitchell,210300.0,P10205,Filled,Full-Time,On-site,3,14.0
E10810,Matthew Marshall,Male,30,2021-05-20,Active,Staff Accountant,6,G9,Accounting,Finance,Corporate Services,Riyadh,E13369,Jeffrey Carpenter,107400.0,P10206,Filled,Full-Time,Hybrid,3,5.4
E11514,Jeremy Lewis,Male,33,2020-09-04,Active,Accounts Receivable Accountant,6,G6,Accounting,Finance,Corporate Services,Riyadh,E13369,Jeffrey Carpenter,114600.0,P10207,Filled,Full-Time,Remote,3,6.1
E11372,John Santana,Male,35,2019-06-19,Active,Accountant,6,G5,Accounting,Finance,Corporate Services,Riyadh,E13369,Jeffrey Carpenter,116800.0,P10208,Filled,Full-Time,On-site,3,7.3
E14701,Robert Jackson,Male,34,2025-12-03,Active,Senior Accountant,6,G6,Accounting,Finance,Corporate Services,Riyadh,E13369,Jeffrey Carpenter,150600.0,P10209,Filled,Full-Time,Hybrid,3,0.8
E11650,Bradley Robertson,Male,34,2025-11-20,Active,Accountant,6,G5,Accounting,Finance,Corporate Services,Riyadh,E13369,Jeffrey Carpenter,101400.0,P10210,Filled,Full-Time,On-site,3,0.8
E12649,Mark Rogers,Male,41,2016-02-14,Active,Accounts Payable Accountant,6,G6,Accounting,Finance,Corporate Services,Riyadh,E13369,Jeffrey Carpenter,144400.0,P10211,Filled,Full-Time,Hybrid,3,10.6
E12847,Robert Potter,Male,28,2023-08-16,Active,Accounts Receivable Accountant,6,G7,Accounting,Finance,Corporate Services,Riyadh,E13369,Jeffrey Carpenter,132500.0,P10212,Filled,Full-Time,On-site,3,3.1
,,,,,,Accounts Receivable Accountant,6,G5,Accounting,Finance,Corporate Services,Riyadh,E13369,Jeffrey Carpenter,,P10213,Vacant,,,,
E12883,Michael Walker,Male,33,2018-12-20,Active,Accounting Supervisor,5,G10,Accounting,Finance,Corporate Services,Riyadh,E10868,April Mitchell,160500.0,P10214,Filled,Full-Time,Hybrid,2,7.8
E13250,Curtis Johnson,Male,34,2024-08-23,Active,Accountant,6,G6,Accounting,Finance,Corporate Services,Riyadh,E12883,Michael Walker,95700.0,P10215,Filled,Full-Time,On-site,3,2.1
E11738,David Alvarez,Male,22,2025-09-25,Active,Accounts Payable Accountant,6,G5,Accounting,Finance,Corporate Services,Riyadh,E12883,Michael Walker,109700.0,P10216,Filled,Full-Time,Hybrid,4,1.0
E14914,Samuel Jones,Male,21,2026-08-20,Active,Accounts Payable Accountant,6,G8,Accounting,Finance,Corporate Services,Riyadh,E12883,Michael Walker,106900.0,P10217,Filled,Full-Time,On-site,3,0.1
E13949,Jennifer Soto,Female,30,2025-04-06,Active,Staff Accountant,6,G5,Accounting,Finance,Corporate Services,Riyadh,E12883,Michael Walker,122200.0,P10218,Filled,Full-Time,On-site,3,1.5
E10495,Cory Horton,Male,41,2022-03-20,Active,Accounts Payable Accountant,6,G8,Accounting,Finance,Corporate Services,Riyadh,E12883,Michael Walker,109900.0,P10219,Filled,Full-Time,Hybrid,3,4.5
E13140,Johnny Sanchez,Male,33,2014-09-25,Active,Accountant,6,G5,Accounting,Finance,Corporate Services,Riyadh,E12883,Michael Walker,112100.0,P10220,Filled,Full-Time,Remote,3,12.0
E12158,Matthew Smith,Male,21,2026-08-20,Active,Accounts Receivable Accountant,6,G5,Accounting,Finance,Corporate Services,Riyadh,E12883,Michael Walker,101500.0,P10221,Filled,Full-Time,On-site,3,0.1
E12573,Paul Carrillo,Male,34,2013-09-25,Active,Accountant,6,G5,Accounting,Finance,Corporate Services,Riyadh,E12883,Michael Walker,123000.0,P10222,Filled,Full-Time,On-site,4,13.0
E13558,Ashley Coleman,Female,31,2016-09-25,Active,Accounting Supervisor,5,G10,Accounting,Finance,Corporate Services,Riyadh,E10868,April Mitchell,177400.0,P10223,Filled,Full-Time,Remote,3,10.0
E11912,Christopher Rubio,Male,29,2022-08-09,Active,Senior Accountant,6,G10,Accounting,Finance,Corporate Services,Riyadh,E13558,Ashley Coleman,160100.0,P10224,Filled,Full-Time,On-site,2,4.1
E14758,Joseph Williams,Male,36,2022-10-05,Active,Staff Accountant,6,G9,Accounting,Finance,Corporate Services,Riyadh,E13558,Ashley Coleman,121100.0,P10225,Filled,Full-Time,Remote,4,4.0
E14186,David Charles,Male,22,2025-09-25,Active,Staff Accountant,6,G8,Accounting,Finance,Corporate Services,Riyadh,E13558,Ashley Coleman,109800.0,P10226,Filled,Full-Time,On-site,4,1.0
E12799,Joyce Solis,Female,28,2023-11-30,Active,Senior Accountant,6,G6,Accounting,Finance,Corporate Services,Jeddah,E13558,Ashley Coleman,132400.0,P10227,Filled,Full-Time,On-site,2,2.8
E13283,Michael Travis,Male,21,2026-08-20,Active,Accounts Payable Accountant,6,G7,Accounting,Finance,Corporate Services,Riyadh,E13558,Ashley Coleman,103300.0,P10228,Filled,Full-Time,On-site,3,0.1
E13870,Kyle Dodson,Male,30,2017-09-25,Active,Accounts Receivable Accountant,6,G8,Accounting,Finance,Corporate Services,Riyadh,E13558,Ashley Coleman,108100.0,P10229,Filled,Full-Time,On-site,3,9.0
E11047,Steven Salazar,Male,41,2014-11-14,Active,"Director, Financial Planning",2,G17,Financial Planning,Finance,Corporate Services,Riyadh,E10841,Michael Evans,605600.0,P10230,Filled,Full-Time,On-site,3,11.9
E14391,Michelle Wagner,Female,40,2018-02-12,Active,FP&A Manager,4,G13,Financial Planning,Finance,Corporate Services,Riyadh,E11047,Steven Salazar,292300.0,P10231,Filled,Full-Time,On-site,5,8.6
E11825,Sandra Kelley,Female,30,2018-03-14,Active,Senior Financial Analyst,6,G8,Financial Planning,Finance,Corporate Services,Riyadh,E14391,Michelle Wagner,148500.0,P10232,Filled,Full-Time,Hybrid,3,8.5
E12219,Steven Manning,Male,22,2025-09-25,Active,Senior Financial Analyst,6,G7,Financial Planning,Finance,Corporate Services,Riyadh,E14391,Michelle Wagner,138000.0,P10233,Filled,Full-Time,On-site,5,1.0
E11680,Karen Green,Female,27,2020-09-25,Active,FP&A Analyst,6,G6,Financial Planning,Finance,Corporate Services,Riyadh,E14391,Michelle Wagner,130000.0,P10234,Filled,Full-Time,On-site,2,6.0
E14788,David Walsh,Male,30,2021-11-04,Active,Senior Financial Analyst,6,G7,Financial Planning,Finance,Corporate Services,Riyadh,E14391,Michelle Wagner,151300.0,P10235,Filled,Full-Time,Hybrid,4,4.9
E11253,Ralph Boyd,Male,28,2019-09-26,Active,Financial Analyst,6,G7,Financial Planning,Finance,Corporate Services,Riyadh,E14391,Michelle Wagner,124800.0,P10236,Filled,Full-Time,On-site,3,7.0
,,,,,,Senior Financial Analyst,6,G9,Financial Planning,Finance,Corporate Services,Riyadh,E14391,Michelle Wagner,,P10237,Vacant,,,,
E12770,Lori Hill,Female,24,2024-08-08,Active,FP&A Analyst,6,G5,Financial Planning,Finance,Corporate Services,Riyadh,E14391,Michelle Wagner,116300.0,P10238,Filled,Full-Time,On-site,1,2.1
E12477,Billy Mitchell,Male,33,2014-09-25,Active,Financial Analyst,6,G6,Financial Planning,Finance,Corporate Services,Riyadh,E14391,Michelle Wagner,163200.0,P10239,Filled,Full-Time,On-site,3,12.0
E10248,Devon Flores,Male,23,2024-09-25,Active,FP&A Analyst,6,G9,Financial Planning,Finance,Corporate Services,Riyadh,E14391,Michelle Wagner,117300.0,P10240,Filled,Full-Time,On-site,3,2.0
E10228,Kimberly Taylor,Female,31,2017-07-02,Active,Financial Analyst,6,G8,Financial Planning,Finance,Corporate Services,Riyadh,E14391,Michelle Wagner,131200.0,P10241,Filled,Full-Time,On-site,3,9.2
E10831,Crystal Benson,Female,29,2019-07-30,Active,Senior Financial Analyst,6,G7,Financial Planning,Finance,Corporate Services,Riyadh,E14391,Michelle Wagner,166700.0,P10242,Filled,Full-Time,Hybrid,3,7.2
E12298,Michelle Brown,Female,23,2024-09-25,Active,FP&A Analyst,6,G8,Financial Planning,Finance,Corporate Services,Riyadh,E14391,Michelle Wagner,160100.0,P10243,Filled,Full-Time,Hybrid,3,2.0
E11174,Jason Daniels,Male,29,2025-11-10,Active,Financial Analyst,6,G9,Financial Planning,Finance,Corporate Services,Riyadh,E14391,Michelle Wagner,106700.0,P10244,Filled,Contractor,Hybrid,3,0.9
E12707,Jason Clark,Male,33,2014-09-25,Active,FP&A Manager,4,G13,Financial Planning,Finance,Corporate Services,Riyadh,E11047,Steven Salazar,328700.0,P10245,Filled,Full-Time,Remote,4,12.0
E12546,Jason Stein,Male,29,2018-09-25,Active,Financial Analyst,6,G7,Financial Planning,Finance,Corporate Services,Riyadh,E12707,Jason Clark,147700.0,P10246,Filled,Full-Time,On-site,5,8.0
E14553,Kevin Dominguez,Male,40,2024-08-24,Active,Financial Analyst,6,G5,Financial Planning,Finance,Corporate Services,Riyadh,E12707,Jason Clark,153300.0,P10247,Filled,Full-Time,Remote,3,2.1
E12623,Scott Cannon,Male,30,2023-02-21,Active,FP&A Analyst,6,G8,Financial Planning,Finance,Corporate Services,Riyadh,E12707,Jason Clark,132900.0,P10248,Filled,Full-Time,Hybrid,4,3.6
E12943,James Smith,Male,23,2024-09-25,Active,Financial Analyst,6,G9,Financial Planning,Finance,Corporate Services,Riyadh,E12707,Jason Clark,139300.0,P10249,Filled,Full-Time,On-site,2,2.0
E13800,Guy Molina,Male,23,2024-09-25,Active,Senior Financial Analyst,6,G8,Financial Planning,Finance,Corporate Services,Riyadh,E12707,Jason Clark,132800.0,P10250,Filled,Full-Time,On-site,3,2.0
E11968,Sarah Ashley,Female,22,2025-09-25,Active,Financial Analyst,6,G7,Financial Planning,Finance,Corporate Services,Riyadh,E12707,Jason Clark,121300.0,P10251,Filled,Full-Time,Hybrid,1,1.0
E13808,Jennifer Adkins,Female,36,2025-09-10,Active,FP&A Analyst,6,G9,Financial Planning,Finance,Corporate Services,Riyadh,E12707,Jason Clark,124900.0,P10252,Filled,Full-Time,On-site,1,1.0
E14796,Joshua Morrison,Male,35,2014-11-22,On Leave,FP&A Analyst,6,G6,Financial Planning,Finance,Corporate Services,Riyadh,E12707,Jason Clark,136900.0,P10253,Filled,Full-Time,Hybrid,3,11.8
E13058,Connie Robinson,Female,35,2020-09-02,Active,Financial Analyst,6,G9,Financial Planning,Finance,Corporate Services,Riyadh,E12707,Jason Clark,121500.0,P10254,Filled,Full-Time,On-site,1,6.1
E13650,Jessica Johnson,Female,29,2018-09-25,Active,FP&A Analyst,6,G8,Financial Planning,Finance,Corporate Services,Riyadh,E12707,Jason Clark,134600.0,P10255,Filled,Full-Time,On-site,2,8.0
E10053,Gabriella Shelton,Female,21,2026-08-20,Active,Financial Analyst,6,G8,Financial Planning,Finance,Corporate Services,Riyadh,E12707,Jason Clark,118200.0,P10256,Filled,Full-Time,Remote,4,0.1
E12122,Jared Martin,Male,30,2024-02-17,Active,FP&A Analyst,6,G8,Financial Planning,Finance,Corporate Services,Riyadh,E12707,Jason Clark,111800.0,P10257,Filled,Full-Time,On-site,4,2.6
E13901,Julie Anderson,Female,43,2015-12-11,Active,FP&A Analyst,6,G9,Financial Planning,Finance,Corporate Services,Riyadh,E12707,Jason Clark,138900.0,P10258,Filled,Full-Time,Hybrid,3,10.8
E13359,Lisa Johnson,Female,42,2020-01-22,Active,Treasury Director,2,G16,Treasury,Finance,Corporate Services,Riyadh,E10841,Michael Evans,491800.0,P10259,Filled,Full-Time,On-site,4,6.7
E12617,Jennifer Elliott,Female,36,2018-09-08,Active,Treasury Analyst,6,G7,Treasury,Finance,Corporate Services,Riyadh,E13359,Lisa Johnson,154800.0,P10260,Filled,Contractor,Hybrid,3,8.0
E10837,Alyssa Day,Female,44,2003-09-26,Active,"Director, Procurement",2,G16,Procurement,Finance,Corporate Services,Riyadh,E10841,Michael Evans,670000.0,P10261,Filled,Full-Time,On-site,3,23.0
E14367,Chad Murray,Male,30,2017-09-25,Active,Procurement Manager,4,G12,Procurement,Finance,Corporate Services,Riyadh,E10837,Alyssa Day,246900.0,P10262,Filled,Full-Time,On-site,3,9.0
E13596,Anthony Gray,Male,25,2022-09-28,Active,Buyer,6,G9,Procurement,Finance,Corporate Services,Riyadh,E14367,Chad Murray,116600.0,P10263,Filled,Full-Time,Hybrid,3,4.0
,,,,,,Buyer,6,G6,Procurement,Finance,Corporate Services,Riyadh,E14367,Chad Murray,,P10264,Vacant,,,,
E14452,Christine Murphy,Female,28,2025-02-03,Active,,6,G8,Procurement,Finance,Corporate Services,Dammam,E14367,Chad Murray,113900.0,P10265,Filled,Full-Time,Remote,2,1.6
,,,,,,Category Specialist,6,G5,Procurement,Finance,Corporate Services,Riyadh,E14367,Chad Murray,,P10266,Vacant,,,,
E13097,Philip Gray,Male,30,2023-01-25,Active,Category Specialist,6,G7,Procurement,Finance,Corporate Services,Riyadh,E14367,Chad Murray,109600.0,P10267,Filled,Full-Time,Remote,3,3.7
E13004,Nicole Decker,Female,29,2022-05-17,Active,Category Specialist,6,G5,Procurement,Finance,Corporate Services,Riyadh,E14367,Chad Murray,106700.0,P10268,Filled,Full-Time,Hybrid,3,4.4
E12276,David Miller,Male,27,2022-02-04,Active,Category Specialist,6,G7,Procurement,Finance,Corporate Services,Riyadh,E14367,Chad Murray,111200.0,P10269,Filled,Full-Time,On-site,3,4.6
E11811,Alec Ryan,Male,44,2020-05-07,Active,Senior Buyer,6,G9,Procurement,Finance,Corporate Services,Riyadh,E14367,Chad Murray,131700.0,P10270,Filled,Full-Time,Hybrid,3,6.4
E12492,Zachary Bell,Male,31,2022-07-01,Active,Category Specialist,6,G5,Procurement,Finance,Corporate Services,Riyadh,E14367,Chad Murray,117700.0,P10271,Filled,Contractor,On-site,4,4.2
E14901,Matthew Harrington,Male,26,2021-09-25,Active,Senior Buyer,6,G7,Procurement,Finance,Corporate Services,Riyadh,E14367,Chad Murray,126800.0,P10272,Filled,Part-Time,On-site,5,5.0
E14043,Matthew Webster,Male,36,2025-11-21,Active,Buyer,6,G5,Procurement,Finance,Corporate Services,Riyadh,E14367,Chad Murray,104500.0,P10273,Filled,Full-Time,On-site,5,0.8
E10486,Tiffany Gonzalez,Female,30,2019-10-25,Active,Category Specialist,6,G5,Procurement,Finance,Corporate Services,Riyadh,E14367,Chad Murray,106100.0,P10274,Filled,Full-Time,On-site,2,6.9
E11747,Alicia Hernandez,Female,42,2024-09-07,Active,Procurement Manager,4,G13,Procurement,Finance,Corporate Services,Riyadh,E10837,Alyssa Day,232000.0,P10275,Filled,Full-Time,On-site,3,2.0
E12154,Cameron Caldwell,Male,33,2025-01-27,Active,Procurement Specialist,6,G6,Procurement,Finance,Corporate Services,Riyadh,E11747,Alicia Hernandez,103600.0,P10276,Filled,Full-Time,On-site,2,1.7
E11352,Kristy Robinson,Female,48,2024-03-10,Active,Procurement Manager,4,G12,Procurement,Finance,Corporate Services,Riyadh,E10837,Alyssa Day,239700.0,P10277,Filled,Full-Time,On-site,1,2.5
E13848,Melissa Wang,Female,32,2024-02-29,Active,Senior Buyer,6,G9,Procurement,Finance,Corporate Services,Riyadh,E11352,Kristy Robinson,132600.0,P10278,Filled,Full-Time,Remote,3,2.6
E10415,Christopher Lawson,Male,33,2022-08-08,Active,Buyer,6,G8,Procurement,Finance,Corporate Services,Riyadh,E11352,Kristy Robinson,108500.0,P10279,Filled,Full-Time,Remote,4,4.1
E13559,Nicole Wilson,Female,25,2025-04-20,Active,Procurement Specialist,6,G7,Procurement,Finance,Corporate Services,Dammam,E11352,Kristy Robinson,112000.0,P10280,Filled,Full-Time,Hybrid,3,1.4
E14741,Robert Oconnell,Male,30,2024-03-14,Active,Senior Buyer,6,G8,Procurement,Finance,Corporate Services,Riyadh,E11352,Kristy Robinson,123400.0,P10281,Filled,Contractor,Hybrid,5,2.5
E11042,Ashley Johnson,Female,38,2023-01-12,Active,Buyer,6,G8,Procurement,Finance,Corporate Services,Riyadh,E11352,Kristy Robinson,130300.0,P10282,Filled,Full-Time,On-site,3,3.7
E13927,Emily Byrd,Female,36,2024-02-19,Active,Buyer,6,G7,Procurement,Finance,Corporate Services,Riyadh,E11352,Kristy Robinson,121000.0,P10283,Filled,Part-Time,Hybrid,3,2.6
E10516,Tyler Sanders,Male,27,2025-06-07,Active,Procurement Specialist,6,G7,Procurement,Finance,Corporate Services,Riyadh,E11352,Kristy Robinson,110000.0,P10284,Filled,Full-Time,On-site,3,1.3
E10988,Michelle Jones,Female,22,2025-09-25,Active,Category Specialist,6,G5,Procurement,Finance,Corporate Services,Riyadh,E11352,Kristy Robinson,112400.0,P10285,Filled,Full-Time,On-site,3,1.0
E11776,Melissa Burton,Female,28,2021-09-13,Active,Procurement Specialist,6,G8,Procurement,Finance,Corporate Services,Dammam,E11352,Kristy Robinson,104900.0,P10286,Filled,Full-Time,On-site,2,5.0
E12646,Ashley Barton,Female,36,2020-11-04,Active,Category Specialist,6,G9,Procurement,Finance,Corporate Services,Riyadh,E11352,Kristy Robinson,107500.0,P10287,Filled,Full-Time,Hybrid,3,5.9
E11670,Samuel Burke,Male,31,2020-07-16,Active,Procurement Specialist,6,G9,Procurement,Finance,Corporate Services,Riyadh,E11352,Kristy Robinson,134100.0,P10288,Filled,Full-Time,Hybrid,3,6.2
E12291,Bryan Riggs,Male,21,2026-08-20,Active,Senior Buyer,6,G7,Procurement,Finance,Corporate Services,Riyadh,E11352,Kristy Robinson,125300.0,P10289,Filled,Full-Time,Remote,3,0.1
E13503,Richard Reed,Male,33,2021-12-02,Active,Category Specialist,6,G5,Procurement,Finance,Corporate Services,Riyadh,E11352,Kristy Robinson,107400.0,P10290,Filled,Contractor,On-site,3,4.8
E12530,Jeffrey Wood,Male,54,2023-02-16,Active,Chief Information Officer,1,G18,Executive Office,Executive Office,Corporate Services,Riyadh,E11673,Mark Johnson,1112800.0,P10291,Filled,Full-Time,On-site,3,3.6
E11942,Jonathan Peterson,Male,24,2023-09-26,Active,Executive Assistant,6,G5,Executive Office,Executive Office,Corporate Services,Riyadh,E12530,Jeffrey Wood,114000.0,P10292,Filled,Full-Time,On-site,3,3.0
E10326,Samuel Short,Male,46,2016-03-12,Active,"Director, Infrastructure",2,G16,Infrastructure,Information Technology,Technology,Riyadh,E12530,Jeffrey Wood,686500.0,P10293,Filled,Full-Time,On-site,4,10.5
E12744,Ashley Yu,Female,37,2016-02-27,Active,Senior Infrastructure Manager,3,G14,Infrastructure,Information Technology,Technology,Riyadh,E10326,Samuel Short,369700.0,P10294,Filled,Full-Time,Hybrid,5,10.6
E14723,Madison Poole,Female,43,2023-04-11,Active,Infrastructure Manager,4,G13,Infrastructure,Information Technology,Technology,Riyadh,E12744,Ashley Yu,370500.0,P10295,Filled,Full-Time,Hybrid,3,3.5
E13327,Michelle Graham,Female,29,2023-03-21,Active,IT Support Specialist,6,G6,Infrastructure,Information Technology,Technology,Riyadh,E14723,Madison Poole,114300.0,P10296,Filled,Full-Time,Hybrid,1,3.5
E14936,Nicholas Sheppard,Male,26,2021-09-25,Active,IT Support Specialist,6,G6,Infrastructure,Information Technology,Technology,Riyadh,E14723,Madison Poole,136700.0,P10297,Filled,Full-Time,Remote,3,5.0
E12514,Debra Morton,Female,21,2026-08-20,On Leave,Systems Engineer,6,G7,Infrastructure,Information Technology,Technology,Dammam,E14723,Madison Poole,154000.0,P10298,Filled,Contractor,On-site,3,0.1
E14889,Joshua Webb,Male,34,2022-07-29,Active,IT Support Specialist,6,G6,Infrastructure,Information Technology,Technology,Riyadh,E14723,Madison Poole,123600.0,P10299,Filled,Full-Time,Hybrid,2,4.2
E14361,Jessica Simon,Female,32,2015-09-26,Active,Senior Systems Engineer,6,G9,Infrastructure,Information Technology,Technology,Riyadh,E14723,Madison Poole,175500.0,P10300,Filled,Full-Time,On-site,4,11.0
E13578,Derrick Christian,Male,33,2014-09-25,Active,Senior Systems Engineer,6,G8,Infrastructure,Information Technology,Technology,Riyadh,E14723,Madison Poole,166100.0,P10301,Filled,Full-Time,Hybrid,3,12.0
E12240,Ronald Miller,Male,24,2023-09-26,On Leave,Systems Engineer,6,G7,Infrastructure,Information Technology,Technology,Riyadh,E14723,Madison Poole,140500.0,P10302,Filled,Full-Time,Hybrid,4,3.0
E12295,Sierra Sanchez,Female,26,2024-01-06,Active,IT Support Specialist,6,G6,Infrastructure,Information Technology,Technology,Riyadh,E14723,Madison Poole,111200.0,P10303,Filled,Full-Time,Remote,2,2.7
E14417,Julie Bishop,Female,28,2021-04-27,Active,IT Support Specialist,6,G6,Infrastructure,Information Technology,Technology,Riyadh,E14723,Madison Poole,124300.0,P10304,Filled,Full-Time,On-site,2,5.4
E10963,James Johnson,Male,31,2016-09-25,Active,Senior Systems Engineer,6,G9,Infrastructure,Information Technology,Technology,Riyadh,E14723,Madison Poole,178900.0,P10305,Filled,Full-Time,On-site,2,10.0
E14494,Samuel White,Male,34,2024-04-01,Active,Network Engineer,6,G7,Infrastructure,Information Technology,Technology,Riyadh,E14723,Madison Poole,146200.0,P10306,Filled,Full-Time,Hybrid,3,2.5
E12687,Daniel Salinas,Male,32,2017-05-28,Active,Systems Engineer,6,G7,Infrastructure,Information Technology,Technology,Riyadh,E14723,Madison Poole,171100.0,P10307,Filled,Full-Time,Hybrid,3,9.3
E13786,Gerald Beard,Male,39,2010-05-08,Active,Infrastructure Manager,4,G13,Infrastructure,Information Technology,Technology,Riyadh,E12744,Ashley Yu,328800.0,P10308,Filled,Full-Time,Hybrid,4,16.4
E12424,Meredith Hill,Female,36,2023-01-25,Active,Systems Engineer,6,G7,Infrastructure,Information Technology,Technology,Dammam,E13786,Gerald Beard,140100.0,P10309,Filled,Full-Time,On-site,2,3.7
E12643,Alexandra Vaughan,Female,35,2018-02-05,Active,Senior Systems Engineer,6,G10,Infrastructure,Information Technology,Technology,Riyadh,E13786,Gerald Beard,182100.0,P10310,Filled,Full-Time,Remote,3,8.6
E10782,Bradley Cortez,Male,23,2024-09-25,Active,Cloud Engineer,6,G6,Infrastructure,Information Technology,Technology,Dammam,E13786,Gerald Beard,113400.0,P10311,Filled,Full-Time,Remote,4,2.0
E10447,Katherine Chang,Female,34,2019-08-08,Active,Cloud Engineer,6,G5,Infrastructure,Information Technology,Technology,Riyadh,E13786,Gerald Beard,139900.0,P10312,Filled,Full-Time,Hybrid,4,7.1
E13950,Melissa Brewer,Female,31,2025-09-11,Active,Network Engineer,6,G8,Infrastructure,Information Technology,Technology,Riyadh,E13786,Gerald Beard,123100.0,P10313,Filled,Full-Time,Remote,3,1.0
E11295,John Mcguire,Male,28,2023-01-10,Active,IT Support Specialist,6,G8,Infrastructure,Information Technology,Technology,Riyadh,E13786,Gerald Beard,183700.0,P10314,Filled,Full-Time,On-site,5,3.7
E11215,Brandon Walker,Male,28,2019-09-26,Active,Cloud Engineer,6,G6,Infrastructure,Information Technology,Technology,Riyadh,E13786,Gerald Beard,131200.0,P10315,Filled,Full-Time,Remote,3,7.0
E14721,Michael Torres,Male,32,2021-05-18,Active,Systems Engineer,6,G9,Infrastructure,Information Technology,Technology,Riyadh,E13786,Gerald Beard,129200.0,P10316,Filled,Contractor,Hybrid,3,5.4
E11886,Kevin Kennedy,Male,40,2022-05-15,Active,Senior Systems Engineer,6,G6,Infrastructure,Information Technology,Technology,Riyadh,E13786,Gerald Beard,186500.0,P10317,Filled,Full-Time,On-site,3,4.4
E14151,Joseph Coleman,Male,32,2023-04-15,Active,IT Support Specialist,6,G6,Infrastructure,Information Technology,Technology,Riyadh,E13786,Gerald Beard,123800.0,P10318,Filled,Full-Time,Remote,2,3.4
E12264,Nichole Rivera,Female,27,2020-09-25,Active,IT Support Specialist,6,G8,Infrastructure,Information Technology,Technology,Dammam,E13786,Gerald Beard,147400.0,P10319,Filled,Full-Time,On-site,3,6.0
E13751,Michael Nelson,Male,38,2018-08-17,Active,Network Engineer,6,G6,Infrastructure,Information Technology,Technology,Riyadh,,,124000.0,P10320,Filled,Full-Time,Hybrid,3,8.1
E13130,Danielle Martinez,Female,36,2019-01-09,Active,Infrastructure Manager,4,G12,Infrastructure,Information Technology,Technology,Riyadh,E12744,Ashley Yu,311600.0,P10321,Filled,Full-Time,On-site,3,7.7
E10119,Corey Wilson,Male,24,2023-09-26,Active,Systems Engineer,6,G6,Infrastructure,Information Technology,Technology,Riyadh,E13130,Danielle Martinez,145700.0,P10322,Filled,Full-Time,On-site,2,3.0
E10424,Joshua Gill,Male,29,2018-09-25,Active,Cloud Engineer,6,G8,Infrastructure,Information Technology,Technology,Riyadh,E13130,Danielle Martinez,123900.0,P10323,Filled,Full-Time,Hybrid,3,8.0
E14392,Cathy Robinson,Female,28,2024-07-26,On Leave,Network Engineer,6,G5,Infrastructure,Information Technology,Technology,Riyadh,E13130,Danielle Martinez,153500.0,P10324,Filled,Full-Time,Hybrid,3,2.2
E10806,John Hardy,Male,34,2020-03-23,Active,Network Engineer,6,G9,Infrastructure,Information Technology,Technology,Dammam,E13130,Danielle Martinez,145000.0,P10325,Filled,Full-Time,Hybrid,3,6.5
E13714,William Warren,Male,25,2023-09-09,Active,Senior Systems Engineer,6,G8,Infrastructure,Information Technology,Technology,Riyadh,E13130,Danielle Martinez,176500.0,P10326,Filled,Full-Time,Hybrid,1,3.0
E13590,Douglas Garcia,Male,28,2019-09-26,Active,Network Engineer,6,G9,Infrastructure,Information Technology,Technology,Riyadh,E13130,Danielle Martinez,125900.0,P10327,Filled,Full-Time,On-site,3,7.0
E11276,Cheyenne Perez,Female,31,2021-08-16,Active,Systems Engineer,6,G7,Infrastructure,Information Technology,Technology,Riyadh,E13130,Danielle Martinez,132700.0,P10328,Filled,Full-Time,On-site,1,5.1
E14055,Christopher Smith,Male,29,2024-05-01,Active,Systems Engineer,6,G5,Infrastructure,Information Technology,Technology,Dammam,E13130,Danielle Martinez,124000.0,P10329,Filled,Full-Time,Hybrid,3,2.4
E12249,Kimberly Hill,Female,24,2023-09-26,Active,Network Engineer,6,G5,Infrastructure,Information Technology,Technology,Riyadh,E13130,Danielle Martinez,140200.0,P10330,Filled,Full-Time,On-site,2,3.0
E14809,Valerie Tran,Female,41,2022-06-02,Active,Network Engineer,6,G8,Infrastructure,Information Technology,Technology,Riyadh,E13130,Danielle Martinez,126700.0,P10331,Filled,Full-Time,Hybrid,3,4.3
E13233,Michael Martinez,Male,21,2026-08-20,Active,Network Engineer,6,G8,Infrastructure,Information Technology,Technology,Riyadh,E13130,Danielle Martinez,145300.0,P10332,Filled,Full-Time,On-site,3,0.1
E10439,Sean Henry,Male,40,2023-09-23,Active,Senior Infrastructure Manager,3,G14,Infrastructure,Information Technology,Technology,Riyadh,E10326,Samuel Short,377500.0,P10333,Filled,Full-Time,On-site,2,3.0
E12819,Shelley Andrews,Female,36,2015-05-31,Active,Infrastructure Manager,4,G13,Infrastructure,Information Technology,Technology,Riyadh,E10439,Sean Henry,342700.0,P10334,Filled,Full-Time,Remote,3,11.3
E13355,John Alexander,Male,29,2022-02-14,Active,Senior Systems Engineer,6,G6,Infrastructure,Information Technology,Technology,Dammam,E12819,Shelley Andrews,178600.0,P10335,Filled,Contractor,On-site,3,4.6
E13162,Cathy Williams,Female,30,2024-01-28,Active,Systems Engineer,6,G5,Infrastructure,Information Technology,Technology,Riyadh,E12819,Shelley Andrews,102300.0,P10336,Filled,Full-Time,On-site,2,2.7
E12408,Teresa Woods,Female,22,2025-09-25,Active,Systems Engineer,6,G5,Infrastructure,Information Technology,Technology,Riyadh,E12819,Shelley Andrews,120800.0,P10337,Filled,Full-Time,On-site,3,1.0
E12938,Rodney Morales,Male,21,2026-08-20,Active,Systems Engineer,6,G7,Infrastructure,Information Technology,Technology,Riyadh,E12819,Shelley Andrews,111600.0,P10338,Filled,Contractor,Hybrid,4,0.1
,,,,,,Network Engineer,6,G7,Infrastructure,Information Technology,Technology,Riyadh,E12819,Shelley Andrews,,P10339,Vacant,,,,
E14992,Angela Soto,Female,27,2020-09-25,Active,Cloud Engineer,6,G6,Infrastructure,Information Technology,Technology,Riyadh,E12819,Shelley Andrews,109000.0,P10340,Filled,Full-Time,On-site,2,6.0
E12608,Amy Hernandez,Female,33,2024-11-10,Active,Network Engineer,6,G5,Infrastructure,Information Technology,Technology,Riyadh,E12819,Shelley Andrews,146600.0,P10341,Filled,Contractor,Remote,2,1.9
,,,,,,IT Support Specialist,6,G7,Infrastructure,Information Technology,Technology,Riyadh,E12819,Shelley Andrews,,P10342,Vacant,,,,
E14625,Kristine Torres,Female,27,2022-01-24,Active,Network Engineer,6,G5,Infrastructure,Information Technology,Technology,Riyadh,E12819,Shelley Andrews,123400.0,P10343,Filled,Full-Time,Hybrid,4,4.7
E14046,Wendy Wilson,Female,35,2021-02-27,Active,Senior Systems Engineer,6,G8,Infrastructure,Information Technology,Technology,Riyadh,E12819,Shelley Andrews,183100.0,P10344,Filled,Full-Time,Remote,3,5.6
E13538,Phillip Obrien,Male,30,2021-06-13,Active,Senior Systems Engineer,6,G9,Infrastructure,Information Technology,Technology,Riyadh,E12819,Shelley Andrews,169100.0,P10345,Filled,Contractor,On-site,3,5.3
E11837,Rachel Perez,Female,37,2023-06-21,Active,Infrastructure Manager,4,G13,Infrastructure,Information Technology,Technology,Riyadh,E10439,Sean Henry,299400.0,P10346,Filled,Full-Time,On-site,4,3.3
E11733,Joseph Hayes,Male,32,2024-01-12,Active,Network Engineer,6,G5,Infrastructure,Information Technology,Technology,Riyadh,E11837,Rachel Perez,120900.0,P10347,Filled,Full-Time,On-site,2,2.7
E11378,Jessica Dalton,Female,35,2022-06-20,Active,Systems Engineer,6,G9,Infrastructure,Information Technology,Technology,Riyadh,E11837,Rachel Perez,138100.0,P10348,Filled,Full-Time,On-site,3,4.3
E11254,William Torres,Male,34,2013-09-25,Active,Network Engineer,6,G6,Infrastructure,Information Technology,Technology,Riyadh,E11837,Rachel Perez,170800.0,P10349,Filled,Full-Time,On-site,2,13.0
E11862,Marc Lynch,Male,28,2023-03-06,Active,Senior Systems Engineer,6,G7,Infrastructure,Information Technology,Technology,Riyadh,E11837,Rachel Perez,163200.0,P10350,Filled,Full-Time,Remote,3,3.6
E14463,Patrick Meza,Male,34,2018-09-07,Active,Senior Systems Engineer,6,G6,Infrastructure,Information Technology,Technology,Riyadh,E11837,Rachel Perez,158800.0,P10351,Filled,Full-Time,Remote,3,8.1
E11541,Christine Clark,Female,27,2020-11-14,On Leave,Network Engineer,6,G5,Infrastructure,Information Technology,Technology,Dammam,E11837,Rachel Perez,144400.0,P10352,Filled,Full-Time,On-site,3,5.9
E12227,Matthew Moore,Male,38,2021-12-13,Active,IT Support Specialist,6,G7,Infrastructure,Information Technology,Technology,Riyadh,E11837,Rachel Perez,111900.0,P10353,Filled,Full-Time,On-site,2,4.8
E12904,Carrie Jones,Female,25,2022-09-25,Active,Cloud Engineer,6,G7,Infrastructure,Information Technology,Technology,Riyadh,E11837,Rachel Perez,116400.0,P10354,Filled,Full-Time,On-site,3,4.0
E13611,Aaron Hayes,Male,35,2021-11-27,Active,Senior Systems Engineer,6,G9,Infrastructure,Information Technology,Technology,Riyadh,E11837,Rachel Perez,142900.0,P10355,Filled,Full-Time,Hybrid,3,4.8
E12918,Linda Carter,Female,22,2025-09-25,Active,Network Engineer,6,G9,Infrastructure,Information Technology,Technology,Riyadh,E11837,Rachel Perez,146900.0,P10356,Filled,Full-Time,On-site,5,1.0
,,,,,,Systems Engineer,6,G8,Infrastructure,Information Technology,Technology,Riyadh,E11837,Rachel Perez,,P10357,Vacant,,,,
E10887,David Mann,Male,37,2020-03-18,Active,Infrastructure Manager,4,G13,Infrastructure,Information Technology,Technology,Riyadh,E10439,Sean Henry,292400.0,P10358,Filled,Full-Time,Hybrid,3,6.5
E10315,Michele Gibson,Female,35,2025-03-29,Active,Senior Systems Engineer,6,G8,Infrastructure,Information Technology,Technology,Riyadh,E10887,David Mann,124000.0,P10359,Filled,Full-Time,Hybrid,3,1.5
E11024,Melissa Bradshaw,Female,30,2019-04-08,Active,Systems Engineer,6,G6,Infrastructure,Information Technology,Technology,Riyadh,E10887,David Mann,138300.0,P10360,Filled,Full-Time,Hybrid,3,7.5
E11260,Richard Weber,Male,36,2022-05-04,Active,Senior Systems Engineer,6,G9,Infrastructure,Information Technology,Technology,Riyadh,E10887,David Mann,163200.0,P10361,Filled,Full-Time,On-site,4,4.4
E10504,Mary Peck,Female,23,2024-09-25,Active,IT Support Specialist,6,G9,Infrastructure,Information Technology,Technology,Riyadh,E10887,David Mann,125900.0,P10362,Filled,Full-Time,Remote,2,2.0
E12686,Jessica Stephens,Female,33,2020-11-29,Active,Network Engineer,6,G9,Infrastructure,Information Technology,Technology,Riyadh,E10887,David Mann,120700.0,P10363,Filled,Full-Time,On-site,4,5.8
,,,,,,Systems Engineer,6,G6,Infrastructure,Information Technology,Technology,Riyadh,E10887,David Mann,,P10364,Vacant,,,,
E12854,Matthew Kerr,Male,29,2021-07-20,Active,Senior Systems Engineer,6,G8,Infrastructure,Information Technology,Technology,Riyadh,E10887,David Mann,152400.0,P10365,Filled,Full-Time,On-site,3,5.2
E13798,Samantha Jones,Female,24,2023-09-26,Active,IT Support Specialist,6,G6,Infrastructure,Information Technology,Technology,Riyadh,E10887,David Mann,115000.0,P10366,Filled,Full-Time,Hybrid,2,3.0
E14259,Christopher Parker,Male,34,2024-10-20,Active,Cloud Engineer,6,G8,Infrastructure,Information Technology,Technology,Dammam,E10887,David Mann,117400.0,P10367,Filled,Full-Time,Hybrid,4,1.9
E13068,Nicole Carroll,Female,27,2020-09-25,Active,IT Support Specialist,6,G6,Infrastructure,Information Technology,Technology,Riyadh,E10887,David Mann,132600.0,P10368,Filled,Full-Time,On-site,3,6.0
E10460,Dylan Martinez,Male,38,2021-03-10,Active,Systems Engineer,6,G9,Infrastructure,Information Technology,Technology,Riyadh,E10887,David Mann,131100.0,P10369,Filled,Contractor,Hybrid,3,5.5
E12624,Michael Lyons,Male,27,2020-09-25,Active,Systems Engineer,6,G6,Infrastructure,Information Technology,Technology,Riyadh,E10887,David Mann,117400.0,P10370,Filled,Full-Time,Hybrid,2,6.0
E10765,Terri Mason,Female,44,2003-09-26,Active,"Director, Cybersecurity",2,G17,Cybersecurity,Information Technology,Technology,Riyadh,E12530,Jeffrey Wood,988100.0,P10371,Filled,Full-Time,On-site,2,23.0
E10191,Johnny Miller,Male,40,2018-06-12,Active,Senior Security Manager,3,G14,Cybersecurity,Information Technology,Technology,Riyadh,E10765,Terri Mason,443700.0,P10372,Filled,Full-Time,On-site,3,8.3
E14495,Amanda Reynolds,Female,30,2019-06-14,Active,Security Manager,4,G13,Cybersecurity,Information Technology,Technology,Riyadh,E10191,Johnny Miller,295500.0,P10373,Filled,Full-Time,Hybrid,3,7.3
E10262,Frank Wright,Male,30,2025-04-24,Active,Security Engineer,6,G7,Cybersecurity,Information Technology,Technology,Riyadh,E14495,Amanda Reynolds,145400.0,P10374,Filled,Full-Time,Hybrid,3,1.4
,,,,,,Security Analyst,6,G7,Cybersecurity,Information Technology,Technology,Riyadh,E14495,Amanda Reynolds,,P10375,Vacant,,,,
E11350,Anna Hayden,Female,38,2021-10-27,Active,SOC Analyst,6,G7,Cybersecurity,Information Technology,Technology,Riyadh,E14495,Amanda Reynolds,130900.0,P10376,Filled,Full-Time,Hybrid,3,4.9
E11803,Russell Johnston,Male,42,2020-10-22,Active,SOC Analyst,6,G5,Cybersecurity,Information Technology,Technology,Riyadh,E14495,Amanda Reynolds,129100.0,P10377,Filled,Full-Time,Hybrid,3,5.9
E13797,Trevor Key,Male,26,2021-09-25,Active,Senior Security Analyst,6,G9,Cybersecurity,Information Technology,Technology,Riyadh,E14495,Amanda Reynolds,150600.0,P10378,Filled,Full-Time,Remote,3,5.0
E14559,Michael Adams,Male,26,2021-09-25,Active,Security Engineer,6,G6,Cybersecurity,Information Technology,Technology,Riyadh,E14495,Amanda Reynolds,130500.0,P10379,Filled,Full-Time,Hybrid,3,5.0
E10059,Amanda Avila,Female,26,2021-09-25,Active,Security Engineer,6,G7,Cybersecurity,Information Technology,Technology,Riyadh,E14495,Amanda Reynolds,145400.0,P10380,Filled,Full-Time,Hybrid,3,5.0
,,,,,,Security Engineer,6,G9,Cybersecurity,Information Technology,Technology,Riyadh,E14495,Amanda Reynolds,,P10381,Vacant,,,,
E14771,John Pearson,Male,39,2008-09-25,Active,Security Manager,4,G12,Cybersecurity,Information Technology,Technology,Riyadh,E10191,Johnny Miller,350100.0,P10382,Filled,Full-Time,Hybrid,3,18.0
E10161,Thomas White,Male,40,2024-01-20,Active,Security Analyst,6,G9,Cybersecurity,Information Technology,Technology,Riyadh,E14771,John Pearson,174100.0,P10383,Filled,Full-Time,Hybrid,2,2.7
E12216,Lauren Walters,Female,34,2025-05-13,Active,Security Engineer,6,G6,Cybersecurity,Information Technology,Technology,Riyadh,E14771,John Pearson,136200.0,P10384,Filled,Full-Time,On-site,3,1.4
E14886,John Davis,Male,34,2013-09-25,Active,Senior Security Analyst,6,G8,Cybersecurity,Information Technology,Technology,Riyadh,E14771,John Pearson,161300.0,P10385,Filled,Full-Time,Hybrid,3,13.0
E10288,Gregory Cook,Male,28,2025-09-07,Active,Senior Security Analyst,6,G10,Cybersecurity,Information Technology,Technology,Riyadh,E14771,John Pearson,155400.0,P10386,Filled,Full-Time,On-site,3,1.1
E10668,Michael Hodge,Male,32,2022-05-16,Active,SOC Analyst,6,G5,Cybersecurity,Information Technology,Technology,Riyadh,E14771,John Pearson,138900.0,P10387,Filled,Full-Time,On-site,3,4.4
E13773,Erin Steele,Female,21,2026-08-20,Active,Senior Security Analyst,6,G10,Cybersecurity,Information Technology,Technology,Riyadh,E14771,John Pearson,132700.0,P10388,Filled,Contractor,On-site,5,0.1
E10691,Dwayne Landry,Male,34,2024-04-01,Active,Security Analyst,6,G6,Cybersecurity,Information Technology,Technology,Riyadh,E14771,John Pearson,137900.0,P10389,Filled,Full-Time,On-site,5,2.5
E14640,Robin Pierce,Female,38,2010-03-19,Active,Senior Security Manager,3,G14,Cybersecurity,Information Technology,Technology,Riyadh,E10765,Terri Mason,504900.0,P10390,Filled,Full-Time,On-site,3,16.5
E12107,Jesse Edwards,Male,38,2019-01-19,Active,Security Manager,4,G12,Cybersecurity,Information Technology,Technology,Riyadh,E14640,Robin Pierce,313700.0,P10391,Filled,Full-Time,On-site,3,7.7
E10967,Frank Cordova,Male,33,2020-12-11,Active,Senior Security Analyst,6,G9,Cybersecurity,Information Technology,Technology,Riyadh,E12107,Jesse Edwards,199300.0,P10392,Filled,Full-Time,Hybrid,3,5.8
,,,,,,Security Analyst,6,G9,Cybersecurity,Information Technology,Technology,Riyadh,E12107,Jesse Edwards,,P10393,Vacant,,,,
E14348,Jared Robertson,Male,24,2024-04-25,Active,Security Engineer,6,G6,Cybersecurity,Information Technology,Technology,Riyadh,E12107,Jesse Edwards,165300.0,P10394,Filled,Full-Time,On-site,2,2.4
E11971,William Sandoval,Male,34,2017-09-09,Active,Security Analyst,6,G7,Cybersecurity,Information Technology,Technology,Riyadh,E12107,Jesse Edwards,160600.0,P10395,Filled,Full-Time,Hybrid,2,9.0
E12453,Kimberly Gutierrez,Female,23,2024-09-25,Active,Senior Security Analyst,6,G9,Cybersecurity,Information Technology,Technology,Riyadh,E12107,Jesse Edwards,182200.0,P10396,Filled,Full-Time,On-site,3,2.0
,,,,,,Security Analyst,6,G9,Cybersecurity,Information Technology,Technology,Riyadh,E12107,Jesse Edwards,,P10397,Vacant,,,,
E12157,Cody Cox,Male,29,2021-06-16,Active,Senior Security Analyst,6,G6,Cybersecurity,Information Technology,Technology,Riyadh,E12107,Jesse Edwards,201500.0,P10398,Filled,Full-Time,On-site,4,5.3
E12633,Peter Garrett,Male,32,2023-10-20,Active,SOC Analyst,6,G8,Cybersecurity,Information Technology,Technology,Riyadh,E12107,Jesse Edwards,163300.0,P10399,Filled,Contractor,On-site,4,2.9
E12133,Olivia Harris,Female,41,2015-08-28,Active,"Director, Applications",2,G16,Applications,Information Technology,Technology,Riyadh,E12530,Jeffrey Wood,836500.0,P10400,Filled,Full-Time,On-site,5,11.1
E11115,Joshua Pennington,Male,40,2017-04-23,Active,Senior Applications Manager,3,G14,Applications,Information Technology,Technology,Riyadh,E12133,Olivia Harris,461300.0,P10401,Filled,Full-Time,On-site,4,9.4
E10563,Jessica Wolfe,Female,42,2017-11-27,Active,Applications Manager,4,G13,Applications,Information Technology,Technology,Riyadh,E11115,Joshua Pennington,318200.0,P10402,Filled,Full-Time,Remote,3,8.8
E14585,Barbara Dudley,Female,35,2024-06-11,Active,Team Lead,5,G11,Applications,Information Technology,Technology,Riyadh,E10563,Jessica Wolfe,176400.0,P10403,Filled,Full-Time,On-site,4,2.3
,,Male,,,,QA Engineer,6,G6,Applications,Information Technology,Technology,Cairo,E14585,Barbara Dudley,,P10404,Vacant,,,,
,,Male,,,,Software Engineer,6,G7,Applications,Information Technology,Technology,Riyadh,E14585,Barbara Dudley,,P10405,Vacant,,,,
,,Male,,,,Business Analyst,6,G6,Applications,Information Technology,Technology,Riyadh,E14585,Barbara Dudley,,P10406,Vacant,,,,
,,Male,,,,Business Analyst,6,G5,Applications,Information Technology,Technology,Riyadh,E14585,Barbara Dudley,,P10407,Vacant,,,,
,,Male,,,,Software Engineer,6,G8,Applications,Information Technology,Technology,Riyadh,E14585,Barbara Dudley,,P10408,Vacant,,,,
,,Male,,,,Business Analyst,6,G9,Applications,Information Technology,Technology,Riyadh,E14585,Barbara Dudley,,P10409,Vacant,,,,
E13495,Mitchell Hicks,Male,35,2024-06-15,Active,Team Lead,5,G10,Applications,Information Technology,Technology,Riyadh,E10563,Jessica Wolfe,224000.0,P10410,Filled,Full-Time,On-site,3,2.3
E11382,Donald Davenport,Male,31,2025-03-06,Active,Software Developer,6,G5,Applications,Information Technology,Technology,Riyadh,E13495,Mitchell Hicks,113500.0,P10411,Filled,Full-Time,Remote,4,1.6
E11617,Veronica Sanchez,Female,37,2021-11-17,Active,Software Developer,6,G9,Applications,Information Technology,Technology,Riyadh,E13495,Mitchell Hicks,122900.0,P10412,Filled,Full-Time,Hybrid,5,4.9
E10295,Kristen Reyes,Female,27,2024-06-08,Active,Business Analyst,6,G6,Applications,Information Technology,Technology,Riyadh,E13495,Mitchell Hicks,143700.0,P10413,Filled,Full-Time,Remote,5,2.3
E14653,Tammy Romero,Female,31,2022-06-10,Active,Senior Software Engineer,6,G8,Applications,Information Technology,Technology,Riyadh,E13495,Mitchell Hicks,173600.0,P10414,Filled,Contractor,Remote,4,4.3
E14904,Shawn Shields,Male,28,2021-01-15,Active,Business Analyst,6,G9,Applications,Information Technology,Technology,Riyadh,E13495,Mitchell Hicks,160800.0,P10415,Filled,Contractor,On-site,2,5.7
E11953,Desiree Tyler,Female,37,2017-07-20,Active,Applications Manager,4,G13,Applications,Information Technology,Technology,Riyadh,E11115,Joshua Pennington,332800.0,P10416,Filled,Full-Time,Remote,3,9.2
E14308,Jason Villa,Male,37,2011-06-29,Active,Team Lead,5,G10,Applications,Information Technology,Technology,Riyadh,E11953,Desiree Tyler,257800.0,P10417,Filled,Full-Time,On-site,1,15.2
E13682,Jordan Hoover,Male,25,2022-11-30,Active,Senior Software Engineer,6,G7,Applications,Information Technology,Technology,Riyadh,E14308,Jason Villa,162100.0,P10418,Filled,Full-Time,On-site,4,3.8
E13473,Douglas Evans,Male,27,2020-09-25,Active,QA Engineer,6,G5,Applications,Information Technology,Technology,Riyadh,E14308,Jason Villa,144100.0,P10419,Filled,Full-Time,Hybrid,4,6.0
E13222,Kevin Duarte,Male,37,2023-09-18,Active,Senior Software Engineer,6,G6,Applications,Information Technology,Technology,Riyadh,E14308,Jason Villa,172800.0,P10420,Filled,Full-Time,Hybrid,4,3.0
E14827,John Hernandez,Male,36,2024-03-21,Active,Senior Software Engineer,6,G8,Applications,Information Technology,Technology,Riyadh,E14308,Jason Villa,127900.0,P10421,Filled,Full-Time,Hybrid,3,2.5
E11180,Kimberly Reed,Female,27,2020-09-25,Active,Software Developer,6,G7,Applications,Information Technology,Technology,Riyadh,E14308,Jason Villa,154300.0,P10422,Filled,Full-Time,Hybrid,4,6.0
E10206,Juan Daniels,Male,30,2017-09-25,Active,Business Analyst,6,G5,Applications,Information Technology,Technology,Riyadh,E14308,Jason Villa,121900.0,P10423,Filled,Full-Time,Remote,3,9.0
E11516,Jordan Morris,Female,37,2021-09-02,Active,Team Lead,5,G10,Applications,Information Technology,Technology,Riyadh,E11953,Desiree Tyler,200700.0,P10424,Filled,Full-Time,Hybrid,4,5.1
E10352,Colin Terry,Male,29,2018-09-25,Active,Software Developer,6,G6,Applications,Information Technology,Technology,Riyadh,E11516,Jordan Morris,136700.0,P10425,Filled,Full-Time,On-site,4,8.0
E11943,Kenneth Hall,Male,38,2022-06-15,Active,Software Developer,6,G9,Applications,Information Technology,Technology,Riyadh,E11516,Jordan Morris,139200.0,P10426,Filled,Full-Time,Remote,4,4.3
E14720,Reginald Williams,Male,32,2021-03-12,Active,Software Developer,6,G5,Applications,Information Technology,Technology,Riyadh,E11516,Jordan Morris,135700.0,P10427,Filled,Full-Time,On-site,3,5.5
E11016,Patrick Thornton,Male,33,2024-11-30,Active,QA Engineer,6,G7,Applications,Information Technology,Technology,Riyadh,E11516,Jordan Morris,129700.0,P10428,Filled,Full-Time,On-site,2,1.8
E14609,Robert Hughes,Male,30,2018-07-02,Active,Software Engineer,6,G8,Applications,Information Technology,Technology,Riyadh,E11516,Jordan Morris,154800.0,P10429,Filled,Full-Time,Remote,3,8.2
E14234,Matthew Hoover,Male,28,2021-01-03,Active,QA Engineer,6,G8,,Information Technology,Technology,Riyadh,E11516,Jordan Morris,141700.0,P10430,Filled,Full-Time,Remote,3,5.7
E12237,William Simpson,Male,30,2020-09-11,Active,Software Engineer,6,G7,Applications,Information Technology,Technology,Riyadh,E11516,Jordan Morris,156000.0,P10431,Filled,Full-Time,On-site,3,6.0
E11757,Andrew Shaw,Male,35,2015-01-16,Active,Software Engineer,6,G6,Applications,Information Technology,Technology,Riyadh,E11516,Jordan Morris,167500.0,P10432,Filled,Full-Time,Hybrid,3,11.7
E13722,Kevin Kane,Male,43,2021-06-23,Active,Applications Manager,4,G12,Applications,Information Technology,Technology,Riyadh,E11115,Joshua Pennington,296500.0,P10433,Filled,Full-Time,On-site,4,5.3
E13217,Shane Alexander,Male,39,2023-04-17,Active,Team Lead,5,G10,Applications,Information Technology,Technology,Riyadh,E13722,Kevin Kane,224600.0,P10434,Filled,Full-Time,Hybrid,4,3.4
E11828,Kelly Bryant,Female,42,2025-03-02,Active,QA Engineer,6,G6,Applications,Information Technology,Technology,Riyadh,E13217,Shane Alexander,137200.0,P10435,Filled,Full-Time,Remote,4,1.6
E14134,Miranda Ortiz,Female,21,2026-08-20,Active,QA Engineer,6,G8,Applications,Information Technology,Technology,Riyadh,E13217,Shane Alexander,126800.0,P10436,Filled,Full-Time,Remote,3,0.1
E13331,Matthew Moore,Male,32,2024-02-05,Active,Software Engineer,6,G5,Applications,Information Technology,Technology,Riyadh,E13217,Shane Alexander,132200.0,P10437,Filled,Full-Time,On-site,4,2.6
,,,,,,Software Developer,6,G7,Applications,Information Technology,Technology,Riyadh,E13217,Shane Alexander,,P10438,Vacant,,,,
E10888,Julie Costa,Female,31,2021-07-13,Active,Software Engineer,6,G6,Applications,Information Technology,Technology,Riyadh,E13217,Shane Alexander,140100.0,P10439,Filled,Full-Time,Hybrid,3,5.2
E14700,George Schwartz,Male,49,2021-02-01,Active,Team Lead,5,G10,Applications,Information Technology,Technology,Riyadh,E13722,Kevin Kane,234200.0,P10440,Filled,Full-Time,On-site,4,5.6
,,,,,,QA Engineer,6,G8,Applications,Information Technology,Technology,Riyadh,E14700,George Schwartz,,P10441,Vacant,,,,
E10400,Marie Christian,Female,36,2014-06-13,Active,QA Engineer,6,G8,Applications,Information Technology,Technology,Riyadh,E14700,George Schwartz,152900.0,P10442,Filled,Full-Time,Hybrid,3,12.3
E13779,Samuel Villarreal,Male,25,2023-01-11,Active,Business Analyst,6,G6,Applications,Information Technology,Technology,Riyadh,E14700,George Schwartz,152500.0,P10443,Filled,Full-Time,On-site,5,3.7
E13241,Jamie Stewart,Female,31,2024-07-27,Active,Software Engineer,6,G6,Applications,Information Technology,Technology,Riyadh,E14700,George Schwartz,111300.0,P10444,Filled,Full-Time,Remote,3,2.2
E13776,Michelle Malone,Female,40,2025-11-19,Active,Business Analyst,6,G5,Applications,Information Technology,Technology,Riyadh,E14700,George Schwartz,131800.0,P10445,Filled,Full-Time,Hybrid,4,0.8
E13488,Shane Johnson,Male,26,2021-09-25,Active,Senior Software Engineer,6,G7,Applications,Information Technology,Technology,Riyadh,E14700,George Schwartz,168300.0,P10446,Filled,Full-Time,Hybrid,3,5.0
E11570,Andrea Welch,Female,30,2017-09-25,Active,Software Developer,6,G5,Applications,Information Technology,Technology,Riyadh,E14700,George Schwartz,141300.0,P10447,Filled,Part-Time,Remote,3,9.0
E10651,Thomas Bright,Male,29,2022-05-04,Active,QA Engineer,6,G8,Applications,Information Technology,Technology,Riyadh,E14700,George Schwartz,154200.0,P10448,Filled,Contractor,Hybrid,5,4.4
E10585,Paul Hamilton,Male,46,2020-06-07,Active,Senior Applications Manager,3,G15,Applications,Information Technology,Technology,Riyadh,E12133,Olivia Harris,490000.0,P10449,Filled,Full-Time,Hybrid,3,6.3
E10645,Brett Schultz,Male,40,2017-02-23,Active,Applications Manager,4,G13,Applications,Information Technology,Technology,Riyadh,E10585,Paul Hamilton,304500.0,P10450,Filled,Full-Time,Remote,4,9.6
E14735,Shelia Wallace,Female,38,2021-08-29,Active,Team Lead,5,G11,Applications,Information Technology,Technology,Riyadh,E10645,Brett Schultz,206800.0,P10451,Filled,Full-Time,Hybrid,3,5.1
E11550,Michael Berger,Male,24,2025-08-01,Active,Business Analyst,6,G7,Applications,Information Technology,Technology,Riyadh,E14735,Shelia Wallace,137900.0,P10452,Filled,Full-Time,Remote,3,1.2
E11577,Amber Flynn,Female,33,2023-03-14,Active,Senior Software Engineer,6,G7,Applications,Information Technology,Technology,Riyadh,E14735,Shelia Wallace,145000.0,P10453,Filled,Full-Time,Hybrid,4,3.5
E13012,Edward Brooks,Male,29,2025-04-11,Active,Software Engineer,6,G5,Applications,Information Technology,Technology,Riyadh,E14735,Shelia Wallace,154500.0,P10454,Filled,Full-Time,Remote,4,1.5
E10598,Charles Schmidt,Male,34,2024-07-12,Active,Software Developer,6,G7,Applications,Information Technology,Technology,Riyadh,E14735,Shelia Wallace,146900.0,P10455,Filled,Full-Time,Remote,5,2.2
E10747,Keith Sparks,Male,24,2023-09-26,Active,Senior Software Engineer,6,G10,Applications,Information Technology,Technology,Riyadh,E14735,Shelia Wallace,160600.0,P10456,Filled,Full-Time,Hybrid,3,3.0
E10577,Christopher Miller,Male,26,2021-09-25,Active,Software Developer,6,G8,Applications,Information Technology,Technology,Cairo,E14735,Shelia Wallace,140700.0,P10457,Filled,Part-Time,On-site,3,5.0
E11234,Seth Harvey,Male,41,2016-03-26,Active,Team Lead,5,G11,Applications,Information Technology,Technology,Riyadh,E10645,Brett Schultz,237100.0,P10458,Filled,Full-Time,Remote,3,10.5
E13733,Cynthia Durham,Female,26,2021-09-25,Active,Business Analyst,6,G6,Applications,Information Technology,Technology,Riyadh,E11234,Seth Harvey,146100.0,P10459,Filled,Full-Time,Remote,3,5.0
E10483,Briana Murray,Female,30,2026-03-31,Active,QA Engineer,6,G6,Applications,Information Technology,Technology,Riyadh,E11234,Seth Harvey,123800.0,P10460,Filled,Full-Time,On-site,3,0.5
E12047,David Scott,Male,38,2021-09-19,Active,QA Engineer,6,G8,Applications,Information Technology,Technology,Riyadh,E11234,Seth Harvey,143800.0,P10461,Filled,Full-Time,On-site,1,5.0
E11579,Adam Ballard,Male,29,2025-06-29,Active,Business Analyst,6,G8,Applications,Information Technology,Technology,Riyadh,E11234,Seth Harvey,119300.0,P10462,Filled,Full-Time,Hybrid,1,1.2
E14065,Steven Byrd,Male,33,2014-09-25,Active,Software Developer,6,G8,Applications,Information Technology,Technology,Riyadh,E11234,Seth Harvey,129100.0,P10463,Filled,Full-Time,Remote,3,12.0
E12103,Christopher Alexander,Male,37,2020-01-27,Active,Senior Software Engineer,6,G9,Applications,Information Technology,Technology,Riyadh,E11234,Seth Harvey,167900.0,P10464,Filled,Full-Time,Remote,3,6.7
E10376,Gregory Matthews,Male,40,2015-03-27,Active,Applications Manager,4,G13,Applications,Information Technology,Technology,Cairo,E10585,Paul Hamilton,349000.0,P10465,Filled,Full-Time,Hybrid,3,11.5
E14156,Margaret Coleman,Female,35,2025-01-17,Active,Team Lead,5,G10,Applications,Information Technology,Technology,Cairo,E10376,Gregory Matthews,202500.0,P10466,Filled,Full-Time,On-site,4,1.7
E10125,David Bruce,Male,21,2026-08-20,Active,Software Engineer,6,G6,Applications,Information Technology,Technology,Riyadh,E14156,Margaret Coleman,112100.0,P10467,Filled,Full-Time,On-site,3,0.1
E14980,Curtis Cruz,Male,27,2020-09-25,Active,Software Developer,6,G9,Applications,Information Technology,Technology,Cairo,E14156,Margaret Coleman,111000.0,P10468,Filled,Full-Time,Remote,1,6.0
E10578,John Young,Male,23,2024-12-03,Active,Business Analyst,6,G9,Applications,Information Technology,Technology,Riyadh,E14156,Margaret Coleman,157100.0,P10469,Filled,Full-Time,Hybrid,3,1.8
E10715,Laura Andrews,Female,35,2023-07-04,Active,Software Engineer,6,G8,Applications,Information Technology,Technology,Cairo,E14156,Margaret Coleman,113600.0,P10470,Filled,Full-Time,Remote,3,3.2
,,,,,,Software Engineer,6,G5,Applications,Information Technology,Technology,Cairo,E14156,Margaret Coleman,,P10471,Vacant,,,,
E13466,Willie Phillips,Male,25,2022-09-25,Active,QA Engineer,6,G7,Applications,Information Technology,Technology,Cairo,E14156,Margaret Coleman,130900.0,P10472,Filled,Full-Time,On-site,5,4.0
E11449,Vanessa Barrett,Female,34,2015-10-31,Active,Business Analyst,6,G7,Applications,Information Technology,Technology,Cairo,E14156,Margaret Coleman,136900.0,P10473,Filled,Full-Time,Hybrid,3,10.9
E10479,Donald Knight,Male,36,2026-01-29,Active,QA Engineer,6,G7,Applications,Information Technology,Technology,Cairo,E14156,Margaret Coleman,114000.0,P10474,Filled,Part-Time,Hybrid,3,0.7
E12513,Michael Garner,Male,34,2024-02-29,Active,Team Lead,5,G10,Applications,Information Technology,Technology,Cairo,E10376,Gregory Matthews,230000.0,P10475,Filled,Full-Time,Remote,1,2.6
E12701,Anthony Obrien,Male,27,2020-09-25,Active,Software Engineer,6,G7,Applications,Information Technology,Technology,Cairo,E12513,Michael Garner,166300.0,P10476,Filled,Full-Time,On-site,3,6.0
E10184,Jonathan Strong,Male,30,2017-09-25,Active,Software Engineer,6,G6,Applications,Information Technology,Technology,Cairo,E12513,Michael Garner,117000.0,P10477,Filled,Full-Time,On-site,3,9.0
E14858,Dustin Lindsey,Male,33,2025-09-22,Active,Software Engineer,6,G6,Applications,Information Technology,Technology,Riyadh,E12513,Michael Garner,131200.0,P10478,Filled,Full-Time,Hybrid,3,1.0
,,,,,,Senior Software Engineer,6,G6,Applications,Information Technology,Technology,Cairo,E12513,Michael Garner,,P10479,Vacant,,,,
E12081,Lawrence Gomez,Male,32,2025-03-29,Active,Software Developer,6,G8,Applications,Information Technology,Technology,Cairo,E12513,Michael Garner,158400.0,P10480,Filled,Full-Time,On-site,4,1.5
E13962,Mark Oliver,Male,21,2026-08-20,Active,QA Engineer,6,G7,Applications,Information Technology,Technology,Cairo,E12513,Michael Garner,105600.0,P10481,Filled,Full-Time,On-site,2,0.1
E14368,Megan Le,Female,31,2017-12-13,Active,QA Engineer,6,G7,Applications,Information Technology,Technology,Cairo,E12513,Michael Garner,147400.0,P10482,Filled,Contractor,Remote,2,8.8
E13010,Mary Massey,Female,54,2015-04-04,Active,Applications Manager,4,G13,Applications,Information Technology,Technology,Riyadh,E10585,Paul Hamilton,282700.0,P10483,Filled,Full-Time,Remote,3,11.5
E14252,Lori Berger,Female,44,2021-02-09,Active,Team Lead,5,G11,Applications,Information Technology,Technology,Riyadh,E13010,Mary Massey,204500.0,P10484,Filled,Full-Time,Remote,4,5.6
E11557,Maria Parker,Female,33,2024-01-09,Active,Software Developer,6,G6,Applications,Information Technology,Technology,Riyadh,E14252,Lori Berger,136800.0,P10485,Filled,Full-Time,On-site,3,2.7
E14155,Jessica Riley,Female,38,2024-08-14,Active,Senior Software Engineer,6,G7,Applications,Information Technology,Technology,Riyadh,E14252,Lori Berger,144700.0,P10486,Filled,Full-Time,On-site,3,2.1
E14854,Nicholas Davis,Male,26,2025-03-08,Active,QA Engineer,6,G7,Applications,Information Technology,Technology,Riyadh,E14252,Lori Berger,140800.0,P10487,Filled,Full-Time,On-site,4,1.6
E14995,Edward Burgess,Male,38,2020-03-12,Active,Business Analyst,6,G9,Applications,Information Technology,Technology,Riyadh,E14252,Lori Berger,155800.0,P10488,Filled,Full-Time,Hybrid,5,6.5
E10795,Christopher Anderson,Male,36,2023-08-27,Active,Business Analyst,6,G5,Applications,Information Technology,Technology,Riyadh,E14252,Lori Berger,130300.0,P10489,Filled,Full-Time,Remote,4,3.1
E12138,Kimberly Mata,Female,32,2023-08-28,Active,Software Developer,6,G8,Applications,Information Technology,Technology,Riyadh,E14252,Lori Berger,121300.0,P10490,Filled,Full-Time,On-site,1,3.1
E10902,Joseph Mcintyre,Male,28,2022-01-18,Active,Software Engineer,6,G9,Applications,Information Technology,Technology,Cairo,E14252,Lori Berger,141700.0,P10491,Filled,Contractor,On-site,3,4.7
E10621,Ronald Scott,Male,33,2018-04-16,Active,QA Engineer,6,G5,Applications,Information Technology,Technology,Riyadh,E14252,Lori Berger,133200.0,P10492,Filled,Full-Time,Hybrid,3,8.4
E10802,Roger Olson,Male,31,2018-02-09,Active,Team Lead,5,G10,Applications,Information Technology,Technology,Riyadh,E13010,Mary Massey,235900.0,P10493,Filled,Full-Time,Remote,3,8.6
,,,,,,Senior Software Engineer,6,G7,Applications,Information Technology,Technology,Riyadh,E10802,Roger Olson,,P10494,Vacant,,,,
E11898,Renee Francis,Female,30,2023-02-16,Active,Senior Software Engineer,6,G7,Applications,Information Technology,Technology,Riyadh,E10802,Roger Olson,174100.0,P10495,Filled,Full-Time,On-site,3,3.6
E11735,George Wilson,Male,25,2022-09-25,Active,Business Analyst,6,G8,Applications,Information Technology,Technology,Riyadh,E10802,Roger Olson,124100.0,P10496,Filled,Full-Time,Hybrid,4,4.0
E10990,Tonya Taylor,Female,38,2024-01-19,Active,Software Engineer,6,G9,Applications,Information Technology,Technology,Riyadh,E10802,Roger Olson,160900.0,P10497,Filled,Full-Time,Hybrid,2,2.7
E12454,Vincent Dalton,Male,30,2021-02-13,Active,Software Engineer,6,G7,Applications,Information Technology,Technology,Riyadh,E10802,Roger Olson,140000.0,P10498,Filled,Full-Time,On-site,4,5.6
E12422,Nathaniel Whitney,Male,39,2024-02-22,Active,Business Analyst,6,G6,Applications,Information Technology,Technology,Riyadh,E10802,Roger Olson,132500.0,P10499,Filled,Full-Time,Hybrid,3,2.6
E13123,Tracy Ballard,Female,29,2025-05-03,Active,QA Engineer,6,G8,Applications,Information Technology,Technology,Riyadh,E10802,Roger Olson,120500.0,P10500,Filled,Part-Time,On-site,3,1.4
E10889,Jacob Gibbs,Male,51,2019-11-07,Active,Senior Applications Manager,3,G14,Applications,Information Technology,Technology,Riyadh,E12133,Olivia Harris,480900.0,P10501,Filled,Full-Time,Hybrid,3,6.9
E10160,Alexis Herrera,Female,45,2024-06-03,Active,Applications Manager,4,G12,Applications,Information Technology,Technology,Riyadh,E10889,Jacob Gibbs,343700.0,P10502,Filled,Full-Time,Remote,4,2.3
E10086,Jordan Chambers,Female,37,2023-09-09,Active,Team Lead,5,G10,Applications,Information Technology,Technology,Riyadh,E10160,Alexis Herrera,187200.0,P10503,Filled,Full-Time,Remote,3,3.0
E13652,Michael Richards,Male,33,2021-11-09,Active,QA Engineer,6,G6,Applications,Information Technology,Technology,Riyadh,E10086,Jordan Chambers,142200.0,P10504,Filled,Full-Time,On-site,3,4.9
E11380,Rodney Bentley,Male,29,2022-06-04,Active,Senior Software Engineer,6,G7,Applications,Information Technology,Technology,Riyadh,E10086,Jordan Chambers,157400.0,P10505,Filled,Full-Time,Hybrid,3,4.3
E12864,Brian Hall,Male,22,2025-09-25,Active,Business Analyst,6,G5,Applications,Information Technology,Technology,Riyadh,E10086,Jordan Chambers,116000.0,P10506,Filled,Full-Time,Remote,5,1.0
E11201,Allison Henson,Female,29,2024-04-20,Active,Software Engineer,6,G9,Applications,Information Technology,Technology,Riyadh,E10086,Jordan Chambers,133400.0,P10507,Filled,Contractor,Hybrid,3,2.4
E11879,Kristina Herman,Female,21,2026-08-20,Active,Senior Software Engineer,6,G9,Applications,Information Technology,Technology,Riyadh,E10086,Jordan Chambers,171200.0,P10508,Filled,Full-Time,Remote,3,0.1
E14455,Daniel Brown,Male,32,2021-11-22,Active,Software Engineer,6,G5,Applications,Information Technology,Technology,Riyadh,E10086,Jordan Chambers,138000.0,P10509,Filled,Contractor,Hybrid,3,4.8
E11585,Samantha Blankenship,Female,36,2020-10-19,Active,Team Lead,5,G10,Applications,Information Technology,Technology,Riyadh,E10160,Alexis Herrera,191700.0,P10510,Filled,Full-Time,Remote,3,5.9
E11754,Elizabeth Ortiz,Female,27,2020-09-25,Active,Software Engineer,6,G5,Applications,Information Technology,Technology,Riyadh,E11585,Samantha Blankenship,122800.0,P10511,Filled,Full-Time,On-site,2,6.0
E13045,Charles Shah,Male,27,2024-03-29,Active,QA Engineer,6,G5,Applications,Information Technology,Technology,Riyadh,E11585,Samantha Blankenship,112000.0,P10512,Filled,Contractor,On-site,3,2.5
E12535,Eric Vasquez,Male,29,2023-11-14,Active,Software Developer,6,G8,Applications,Information Technology,Technology,Riyadh,E11585,Samantha Blankenship,136700.0,P10513,Filled,Full-Time,Remote,3,2.9
E12967,Brent Clay,Male,25,2023-04-10,Active,Senior Software Engineer,6,G7,Applications,Information Technology,Technology,Riyadh,E11585,Samantha Blankenship,156900.0,P10514,Filled,Full-Time,Hybrid,2,3.5
E10189,Chad Chavez,Male,35,2015-06-02,Active,Software Engineer,6,G6,Applications,Information Technology,Technology,Riyadh,E11585,Samantha Blankenship,147100.0,P10515,Filled,Full-Time,Remote,4,11.3
E12763,Michael Paul,Male,35,2019-07-11,Active,Applications Manager,4,G13,Applications,Information Technology,Technology,Riyadh,E10889,Jacob Gibbs,283300.0,P10516,Filled,Full-Time,Hybrid,3,7.2
E11998,Tracy Barnes,Male,39,2018-11-09,Active,Team Lead,5,G10,Applications,Information Technology,Technology,Riyadh,E12763,Michael Paul,221800.0,P10517,Filled,Full-Time,On-site,3,7.9
E14863,Patrick Moore,Male,25,2024-01-10,Active,Senior Software Engineer,6,G7,Applications,Information Technology,Technology,Riyadh,E11998,Tracy Barnes,178600.0,P10518,Filled,Full-Time,Hybrid,2,2.7
E14211,Jennifer Garcia,Female,39,2025-07-16,Active,Senior Software Engineer,6,G10,Applications,Information Technology,Technology,Riyadh,E11998,Tracy Barnes,138000.0,P10519,Filled,Full-Time,Hybrid,3,1.2
E12755,Katherine Russell,Female,34,2020-01-18,Active,Senior Software Engineer,6,G9,Applications,Information Technology,Technology,Riyadh,E11998,Tracy Barnes,184400.0,P10520,Filled,Contractor,Hybrid,4,6.7
E10387,Trevor Johnson,Male,26,2024-07-29,Active,Software Developer,6,G7,Applications,Information Technology,Technology,Riyadh,E11998,Tracy Barnes,122800.0,P10521,Filled,Full-Time,Remote,3,2.2
,,,,,,QA Engineer,6,G9,Applications,Information Technology,Technology,Riyadh,E11998,Tracy Barnes,,P10522,Vacant,,,,
E13255,Jacqueline Ramos,Female,33,2024-05-05,Active,Software Developer,6,G6,Applications,Information Technology,Technology,Riyadh,E11998,Tracy Barnes,142200.0,P10523,Filled,Contractor,Hybrid,3,2.4
E11957,Trevor Foley,Male,34,2023-01-07,Active,Software Engineer,6,G7,Applications,Information Technology,Technology,Riyadh,E11998,Tracy Barnes,139600.0,P10524,Filled,Full-Time,On-site,4,3.7
E13113,Brett Jennings,Male,26,2021-09-25,Active,Team Lead,5,G10,Applications,Information Technology,Technology,Riyadh,E12763,Michael Paul,242200.0,P10525,Filled,Full-Time,Remote,3,5.0
E11250,Kimberly Levine,Female,29,2023-09-30,Active,Senior Software Engineer,6,G7,Applications,Information Technology,Technology,Riyadh,E13113,Brett Jennings,173000.0,P10526,Filled,Contractor,Remote,3,3.0
E14776,Ian Sanders,Male,31,2025-09-29,On Leave,Software Developer,6,G7,Applications,Information Technology,Technology,Cairo,E13113,Brett Jennings,148700.0,P10527,Filled,Full-Time,Remote,3,1.0
E13911,Colton Martinez,Male,29,2022-06-29,Active,Senior Software Engineer,6,G9,Applications,Information Technology,Technology,Riyadh,E13113,Brett Jennings,149700.0,P10528,Filled,Full-Time,Remote,3,4.2
,,,,,,Software Developer,6,G5,Applications,Information Technology,Technology,Riyadh,E13113,Brett Jennings,,P10529,Vacant,,,,
E12208,Sarah Gibson,Female,33,2019-03-29,Active,Software Developer,6,G6,Applications,Information Technology,Technology,Riyadh,E13113,Brett Jennings,136800.0,P10530,Filled,Full-Time,Hybrid,4,7.5
E14014,Mary May,Female,29,2022-06-23,Active,Business Analyst,6,G5,Applications,Information Technology,Technology,Riyadh,E13113,Brett Jennings,175600.0,P10531,Filled,Full-Time,On-site,3,4.3
E11842,Linda Smith,Female,35,2012-09-25,Active,Applications Manager,4,G13,Applications,Information Technology,Technology,Riyadh,E10889,Jacob Gibbs,316400.0,P10532,Filled,Full-Time,On-site,3,14.0
E10646,Richard Sanchez,Male,33,2021-12-29,Active,Team Lead,5,G10,Applications,Information Technology,Technology,Riyadh,E11842,Linda Smith,212500.0,P10533,Filled,Full-Time,Remote,3,4.7
E11903,Cameron Cunningham,Male,29,2026-03-01,Active,Senior Software Engineer,6,G8,Applications,Information Technology,Technology,Riyadh,E90002,Lance Mccall,175000.0,P10534,Filled,Full-Time,Remote,3,0.6
,,,,,,Senior Software Engineer,6,G6,Applications,Information Technology,Technology,Riyadh,E10646,Richard Sanchez,,P10535,Vacant,,,,
,,,,,,Software Developer,6,G5,Applications,Information Technology,Technology,Riyadh,E10646,Richard Sanchez,,P10536,Vacant,,,,
E12105,Andrea Hubbard,Female,36,2022-02-02,Active,QA Engineer,6,G5,Applications,Information Technology,Technology,Riyadh,E10646,Richard Sanchez,129800.0,P10537,Filled,Part-Time,Remote,1,4.6
,,,,,,Software Developer,6,G8,Applications,Information Technology,Technology,Riyadh,E10646,Richard Sanchez,,P10538,Vacant,,,,
E12831,Daniel Robinson,Male,35,2021-06-27,Active,Business Analyst,6,G5,Applications,Information Technology,Technology,Riyadh,E10646,Richard Sanchez,154700.0,P10539,Filled,Full-Time,On-site,4,5.2
,,,,,,Senior Software Engineer,6,G6,Applications,Information Technology,Technology,Riyadh,E10646,Richard Sanchez,,P10540,Vacant,,,,
E10418,Sergio Murphy,Male,37,2024-11-02,Active,Team Lead,5,G11,Applications,Information Technology,Technology,Riyadh,E11842,Linda Smith,213100.0,P10541,Filled,Full-Time,Remote,3,1.9
E11756,Charles Lester,Male,41,2018-10-15,Active,Software Engineer,6,G8,Applications,Information Technology,Technology,Riyadh,E10418,Sergio Murphy,152400.0,P10542,Filled,Full-Time,On-site,3,7.9
,,,,,,Software Engineer,6,G7,Applications,Information Technology,Technology,Riyadh,E10418,Sergio Murphy,,P10543,Vacant,,,,
E12202,April Garrison,Female,35,2024-11-21,Active,Software Engineer,6,G9,Applications,Information Technology,Technology,Riyadh,E10418,Sergio Murphy,142400.0,P10544,Filled,Contractor,Hybrid,3,1.8
E14530,Charles Anderson,Male,43,2018-03-14,Active,Software Engineer,6,G7,Applications,Information Technology,Technology,Riyadh,E10418,Sergio Murphy,147400.0,P10545,Filled,Full-Time,Hybrid,4,8.5
E12672,Danielle Thompson,Female,37,2024-11-20,Active,Senior Software Engineer,6,G8,Applications,Information Technology,Technology,Riyadh,E10418,Sergio Murphy,183700.0,P10546,Filled,Full-Time,Hybrid,3,1.8
E14063,Mary Johnson,Female,53,2016-07-09,Active,"Director, Data & Analytics",2,G17,Data & Analytics,Information Technology,Technology,Riyadh,E12530,Jeffrey Wood,724900.0,P10547,Filled,Full-Time,On-site,3,10.2
E14015,Alexis Tyler,Female,45,2014-07-11,Active,Analytics Manager,4,G12,Data & Analytics,Information Technology,Technology,Riyadh,E14063,Mary Johnson,428900.0,P10548,Filled,Full-Time,On-site,5,12.2
E14260,David Morris,Male,28,2019-09-26,Active,Data Analyst,6,G7,Data & Analytics,Information Technology,Technology,Riyadh,E14015,Alexis Tyler,146900.0,P10549,Filled,Full-Time,Hybrid,3,7.0
E11069,Carrie Williams,Female,24,2023-09-26,Active,BI Analyst,6,G9,Data & Analytics,Information Technology,Technology,Riyadh,E14015,Alexis Tyler,135500.0,P10550,Filled,Full-Time,Hybrid,3,3.0
,,,,,,Senior Data Analyst,6,G7,Data & Analytics,Information Technology,Technology,Riyadh,E14015,Alexis Tyler,,P10551,Vacant,,,,
E12458,Patrick Fox,Male,43,2024-04-16,Active,Data Engineer,6,G5,Data & Analytics,Information Technology,Technology,Riyadh,E14015,Alexis Tyler,134000.0,P10552,Filled,Full-Time,Remote,3,2.4
E14499,Patrick Alvarez,Male,37,2025-01-07,Active,BI Analyst,6,G9,Data & Analytics,Information Technology,Technology,Riyadh,E14015,Alexis Tyler,114400.0,P10553,Filled,Full-Time,On-site,2,1.7
E14508,Richard Palmer,Male,34,2025-01-25,Active,Data Engineer,6,G6,Data & Analytics,Information Technology,Technology,Riyadh,E14015,Alexis Tyler,164900.0,P10554,Filled,Full-Time,Remote,3,1.7
E12965,Brian Gordon,Male,24,2023-09-26,Active,Data Scientist,6,G6,Data & Analytics,Information Technology,Technology,Riyadh,E14015,Alexis Tyler,153100.0,P10555,Filled,Full-Time,Remote,3,3.0
,,,,,,Senior Data Analyst,6,G7,Data & Analytics,Information Technology,Technology,Riyadh,E14015,Alexis Tyler,,P10556,Vacant,,,,
E10195,Tony Williams,Male,29,2020-11-06,Active,Senior Data Analyst,6,G8,Data & Analytics,Information Technology,Technology,Riyadh,E10195,Tony Williams,173600.0,P10557,Filled,Full-Time,On-site,3,5.9
E14623,Rachel Camacho,Female,21,2026-08-20,Active,Data Engineer,6,G9,Data & Analytics,Information Technology,Technology,Riyadh,E14015,Alexis Tyler,140100.0,P10558,Filled,Contractor,On-site,3,0.1
E13135,Joseph Ellis,Male,28,2019-09-26,Active,Analytics Manager,4,G12,Data & Analytics,Information Technology,Technology,Riyadh,E14063,Mary Johnson,348500.0,P10559,Filled,Full-Time,Hybrid,1,7.0
E12277,Victor Brown,Male,31,2019-08-10,Active,Senior Data Analyst,6,G9,Data & Analytics,Information Technology,Technology,Riyadh,E13135,Joseph Ellis,167300.0,P10560,Filled,Full-Time,On-site,4,7.1
E14304,John Morales,Male,47,2025-04-06,Active,Data Scientist,6,G9,Data & Analytics,Information Technology,Technology,Riyadh,E13135,Joseph Ellis,129800.0,P10561,Filled,Full-Time,Remote,3,1.5
E12609,Michael Henry,Male,31,2019-08-12,Active,Data Analyst,6,G6,Data & Analytics,Information Technology,Technology,Riyadh,E13135,Joseph Ellis,151200.0,P10562,Filled,Full-Time,Remote,2,7.1
E10047,Theodore Jones,Male,32,2022-12-01,Active,Data Engineer,6,G8,Data & Analytics,Information Technology,Technology,Riyadh,E13135,Joseph Ellis,133300.0,P10563,Filled,Full-Time,Remote,3,3.8
E14867,Angela Franklin,Female,31,2019-10-25,Active,Data Engineer,6,G5,Data & Analytics,Information Technology,Technology,Riyadh,E13135,Joseph Ellis,162400.0,P10564,Filled,Full-Time,Hybrid,4,6.9
E10023,Austin Hill,Male,35,2025-11-14,Active,Data Scientist,6,G9,Data & Analytics,Information Technology,Technology,Riyadh,E13135,Joseph Ellis,155100.0,P10565,Filled,Full-Time,On-site,4,0.9
,,,,,,Data Analyst,6,G7,Data & Analytics,Information Technology,Technology,Riyadh,E13135,Joseph Ellis,,P10566,Vacant,,,,
E12789,Mark Kelley,Male,32,2023-10-12,Active,Data Analyst,6,G5,Data & Analytics,Information Technology,Technology,Riyadh,E13135,Joseph Ellis,135000.0,P10567,Filled,Full-Time,Remote,4,3.0
E14261,Erika Vang,Female,30,2025-06-03,Active,BI Analyst,6,G7,Data & Analytics,Information Technology,Technology,Riyadh,E13135,Joseph Ellis,130800.0,P10568,Filled,Full-Time,Remote,3,1.3
E13077,Kerry Chavez,Female,21,2026-08-20,Active,Data Engineer,6,G5,Data & Analytics,Information Technology,Technology,Riyadh,E13135,Joseph Ellis,161300.0,P10569,Filled,Full-Time,On-site,3,0.1
E13597,Larry Garcia,Male,31,2021-05-30,Active,BI Analyst,6,G6,Data & Analytics,Information Technology,Technology,Riyadh,E13135,Joseph Ellis,147100.0,P10570,Filled,Contractor,Remote,4,5.3
E11796,Mia Farrell,Female,30,2017-09-25,Active,Analytics Manager,4,G13,Data & Analytics,Information Technology,Technology,Riyadh,E14063,Mary Johnson,294100.0,P10571,Filled,Full-Time,On-site,3,9.0
E13529,Matthew Mack,Male,36,2018-06-21,Active,Senior Data Analyst,6,G7,Data & Analytics,Information Technology,Technology,Riyadh,E11796,Mia Farrell,185600.0,P10572,Filled,Full-Time,Remote,2,8.3
E11597,Nathan Lewis,Male,36,2022-03-09,Active,Data Analyst,6,G6,Data & Analytics,Information Technology,Technology,Riyadh,E11796,Mia Farrell,134500.0,P10573,Filled,Full-Time,Remote,3,4.5
E14189,Jesse Perez,Male,26,2022-04-30,On Leave,Data Scientist,6,G7,Data & Analytics,Information Technology,Technology,Riyadh,E11796,Mia Farrell,122300.0,P10574,Filled,Full-Time,On-site,3,4.4
E10647,Gina Chavez,Female,51,2001-11-24,Active,Chief Operating Officer,1,G18,Executive Office,Executive Office,Corporate Services,Riyadh,E11673,Mark Johnson,1270600.0,P10575,Filled,Full-Time,On-site,3,24.8
E11485,Jennifer Davis,Female,21,2026-08-20,Active,Executive Assistant,6,G9,Executive Office,Executive Office,Corporate Services,Riyadh,E10647,Gina Chavez,129500.0,P10576,Filled,Full-Time,On-site,3,0.1
E10205,Jessica Ortega,Female,50,2023-09-09,Active,VP Operations,2,G17,Operations,Operations,Operations,Dammam,E10647,Gina Chavez,400400.0,P10577,Filled,Full-Time,On-site,3,3.0
E14591,James Hernandez,Male,44,2011-06-06,Active,"Senior Director, Field Operations",2,G17,Operations,Operations,Operations,Dammam,E10205,Jessica Ortega,423500.0,P10578,Filled,Full-Time,On-site,4,15.3
E11003,Thomas Jones,Male,44,2011-04-01,Active,"Director, Regional Operations",2,G17,Operations,Operations,Operations,Dammam,E14591,James Hernandez,516000.0,P10579,Filled,Full-Time,On-site,5,15.5
E10590,Ronald Davis,Male,43,2011-11-01,Active,Senior Operations Manager,3,G15,Operations,Operations,Operations,Dammam,E11003,Thomas Jones,288800.0,P10580,Filled,Full-Time,On-site,4,14.9
E10105,Brent Rodgers,Male,39,2008-09-25,Active,Operations Manager,4,G12,Operations,Operations,Operations,Dammam,E10590,Ronald Davis,295200.0,P10581,Filled,Full-Time,On-site,3,18.0
E12451,Robert Hawkins,Male,35,2021-01-26,Active,Operations Supervisor,5,G11,Operations,Operations,Operations,Dammam,E10105,Brent Rodgers,160600.0,P10582,Filled,Full-Time,On-site,4,5.7
E12067,Laurie Hoffman,Female,33,2024-03-16,Active,Operations Associate,6,G6,Operations,Operations,Operations,Dammam,E12451,Robert Hawkins,82900.0,P10583,Filled,Full-Time,On-site,3,2.5
E13426,Erin Martinez,Female,31,2020-06-28,Active,Machine Operator,6,G8,Operations,Operations,Operations,Dammam,E12451,Robert Hawkins,112400.0,P10584,Filled,Part-Time,On-site,4,6.2
E11299,Hayden Ortega,Male,27,2025-10-30,On Leave,Operations Technician,6,G7,Operations,Operations,Operations,Dammam,E12451,Robert Hawkins,81100.0,P10585,Filled,Full-Time,On-site,3,0.9
E12618,Paul Parrish,Male,29,2024-06-08,Active,Maintenance Technician,6,G6,Operations,Operations,Operations,Jubail,E12451,Robert Hawkins,93100.0,P10586,Filled,Part-Time,On-site,5,2.3
E11411,Nathan Schmitt,Male,25,2022-09-25,Active,Operations Associate,6,G9,Operations,Operations,Operations,Dammam,E12451,Robert Hawkins,100100.0,P10587,Filled,Full-Time,On-site,4,4.0
E10075,Lindsay Bell,Female,28,2024-03-17,Active,Senior Operations Technician,6,G9,Operations,Operations,Operations,Dammam,E12451,Robert Hawkins,102500.0,P10588,Filled,Full-Time,On-site,3,2.5
E12337,Kenneth Lewis,Male,24,2025-12-05,Active,Operations Technician,6,G9,Operations,Operations,Operations,Dammam,E12451,Robert Hawkins,89900.0,P10589,Filled,Full-Time,On-site,1,0.8
E12170,Mary Walker,Female,27,2022-07-19,Active,Machine Operator,6,G8,Operations,Operations,Operations,Dammam,E12451,Robert Hawkins,86100.0,P10590,Filled,Full-Time,On-site,5,4.2
E14337,Brian Bruce,Male,42,2018-10-02,Active,Operations Supervisor,5,G11,Operations,Operations,Operations,Dammam,E10105,Brent Rodgers,136200.0,P10591,Filled,Full-Time,On-site,2,8.0
E14848,Holly Farmer,Female,25,2023-05-16,Active,Operations Associate,6,G7,Operations,Operations,Operations,Dammam,E14337,Brian Bruce,91000.0,P10592,Filled,Full-Time,On-site,3,3.4
E12589,Kenneth Aguirre,Male,28,2020-03-27,Active,Maintenance Technician,6,G9,Operations,Operations,Operations,Dammam,E14337,Brian Bruce,105600.0,P10593,Filled,Full-Time,On-site,3,6.5
E12561,Ryan Villegas,Male,30,2023-02-16,Active,Maintenance Technician,6,G8,Operations,Operations,Operations,Dammam,E14337,Brian Bruce,75000.0,P10594,Filled,Part-Time,On-site,4,3.6
E11233,Sabrina Austin,Female,24,2023-09-26,Active,Operations Associate,6,G7,Operations,Operations,Operations,Dammam,E14337,Brian Bruce,84100.0,P10595,Filled,Full-Time,On-site,3,3.0
E10271,Marvin Johnson,Male,30,2020-06-22,Active,Maintenance Technician,6,G9,Operations,Operations,Operations,Dammam,E14337,Brian Bruce,78800.0,P10596,Filled,Full-Time,On-site,3,6.3
,,,,,,Machine Operator,6,G8,Operations,Operations,Operations,Dammam,E14337,Brian Bruce,,P10597,Vacant,,,,
E11675,Timothy Gallegos,Male,22,2025-09-25,Active,Operations Associate,6,G5,Operations,Operations,Operations,Dammam,E14337,Brian Bruce,98500.0,P10598,Filled,Full-Time,On-site,3,1.0
E14753,Debra White,Female,29,2022-04-16,Active,Operations Associate,6,G9,Operations,Operations,Operations,Dammam,E14337,Brian Bruce,92900.0,P10599,Filled,Part-Time,On-site,3,4.4
E14793,Michele Parker,Female,36,2019-07-17,Active,Senior Operations Technician,6,G10,Operations,Operations,Operations,Dammam,E14337,Brian Bruce,124300.0,P10600,Filled,Full-Time,On-site,2,7.2
E12695,Gerald Smith,Male,29,2019-09-28,Active,Operations Associate,6,G8,Operations,Operations,Operations,Dammam,E14337,Brian Bruce,90800.0,P10601,Filled,Full-Time,On-site,4,7.0
E11933,Sergio Knight,Male,45,2023-02-19,On Leave,Operations Supervisor,5,G10,Operations,Operations,Operations,Dammam,E10105,Brent Rodgers,157500.0,P10602,Filled,Full-Time,On-site,4,3.6
E12489,James Thomas,Male,38,2019-11-27,Active,Maintenance Technician,6,G9,Operations,Operations,Operations,Dammam,E11933,Sergio Knight,103300.0,P10603,Filled,Full-Time,On-site,4,6.8
E13752,Mark Johnson,Male,29,2019-02-16,Active,Operations Technician,6,G7,Operations,Operations,Operations,Jubail,E11933,Sergio Knight,92600.0,P10604,Filled,Full-Time,On-site,3,7.6
E12898,Nichole Lewis,Female,29,2018-09-25,Active,Operations Technician,6,G6,Operations,Operations,Operations,Dammam,E11933,Sergio Knight,97200.0,P10605,Filled,Full-Time,On-site,4,8.0
E14293,Jennifer Peterson,Female,36,2024-12-28,Active,Maintenance Technician,6,G8,Operations,Operations,Operations,Dammam,E11933,Sergio Knight,88300.0,P10606,Filled,Full-Time,On-site,4,1.7
E14388,Jacob Griffith,Male,27,2020-09-25,Active,Machine Operator,6,G8,Operations,Operations,Operations,Dammam,E11933,Sergio Knight,89900.0,P10607,Filled,Full-Time,On-site,3,6.0
E12379,Paula Bradley,Female,40,2021-05-09,Active,Maintenance Technician,6,G5,Operations,Operations,Operations,Dammam,E11933,Sergio Knight,88800.0,P10608,Filled,Full-Time,On-site,2,5.4
E14169,Angela Williams,Female,36,2013-07-14,Active,Senior Operations Technician,6,G9,Operations,Operations,Operations,Dammam,E11933,Sergio Knight,124100.0,P10609,Filled,Contractor,On-site,3,13.2
E14840,Christopher Williamson,Male,33,2024-02-02,Active,Operations Technician,6,G9,Operations,Operations,Operations,Dammam,E11933,Sergio Knight,96700.0,P10610,Filled,Full-Time,On-site,4,2.6
E14427,Michael Nelson,Male,41,2011-07-15,Active,Operations Associate,6,G7,Operations,Operations,Operations,Dammam,E11933,Sergio Knight,104900.0,P10611,Filled,Part-Time,On-site,3,15.2
E11710,Mary Tucker,Female,28,2020-01-22,Active,Maintenance Technician,6,G9,Operations,Operations,Operations,Dammam,E11933,Sergio Knight,81300.0,P10612,Filled,Full-Time,On-site,4,6.7
E13604,Jeremy Nelson,Male,46,2017-08-20,Active,Operations Manager,4,G13,Operations,Operations,Operations,Dammam,E10590,Ronald Davis,206100.0,P10613,Filled,Full-Time,On-site,4,9.1
E13037,Paul Wilson,Male,26,2025-06-15,Active,Operations Supervisor,5,G11,Operations,Operations,Operations,Dammam,E13604,Jeremy Nelson,165300.0,P10614,Filled,Full-Time,On-site,3,1.3
E11194,Jeffrey Campbell,Male,31,2019-04-29,Active,Operations Technician,6,G8,Operations,Operations,Operations,Dammam,E13037,Paul Wilson,106100.0,P10615,Filled,Full-Time,On-site,3,7.4
E14318,Michael Tucker,Male,34,2013-09-25,Active,Maintenance Technician,6,G9,Operations,Operations,Operations,Jubail,E13037,Paul Wilson,103800.0,P10616,Filled,Contractor,On-site,2,13.0
E11014,Michael Williams,Male,30,2024-03-29,Active,Maintenance Technician,6,G7,Operations,Operations,Operations,Dammam,E13037,Paul Wilson,86100.0,P10617,Filled,Full-Time,On-site,3,2.5
E10317,Jennifer Greene,Female,33,2014-09-25,Active,Machine Operator,6,G7,Operations,Operations,Operations,Jubail,E13037,Paul Wilson,99700.0,P10618,Filled,Full-Time,On-site,4,12.0
,,,,,,Maintenance Technician,6,G7,Operations,Operations,Operations,Dammam,E13037,Paul Wilson,,P10619,Vacant,,,,
E13581,Aimee Turner,Female,36,2020-10-30,Active,Senior Operations Technician,6,G9,Operations,Operations,Operations,Dammam,E13037,Paul Wilson,102600.0,P10620,Filled,Full-Time,Hybrid,5,5.9
E10823,Christine Taylor,Female,31,2024-12-09,On Leave,Operations Associate,6,G9,Operations,Operations,Operations,Dammam,E13037,Paul Wilson,87000.0,P10621,Filled,Full-Time,On-site,3,1.8
E12259,David Murphy,Male,34,2018-10-29,Active,Senior Operations Technician,6,G6,Operations,Operations,Operations,Dammam,E13037,Paul Wilson,125400.0,P10622,Filled,Full-Time,On-site,5,7.9
E13585,Aimee Burgess,Female,31,2020-09-28,Active,Senior Operations Technician,6,G7,Operations,Operations,Operations,Dammam,E13037,Paul Wilson,129600.0,P10623,Filled,Full-Time,On-site,1,6.0
E13274,Christopher James,Male,31,2024-08-21,Active,Senior Operations Technician,6,G9,Operations,Operations,Operations,Dammam,E13037,Paul Wilson,87500.0,P10624,Filled,Full-Time,On-site,3,2.1
E13407,Michael Mason,Male,27,2020-12-16,Active,Operations Technician,6,G5,Operations,Operations,Operations,Jubail,E13037,Paul Wilson,92100.0,P10625,Filled,Part-Time,On-site,3,5.8
E10635,Sandra Drake,Female,28,2023-10-12,Active,Operations Supervisor,5,G10,Operations,Operations,Operations,Dammam,E13604,Jeremy Nelson,148800.0,P10626,Filled,Full-Time,On-site,3,3.0
E12698,Benjamin Hensley,Male,22,2025-09-25,Active,Machine Operator,6,G8,Operations,Operations,Operations,Dammam,E10635,Sandra Drake,70500.0,P10627,Filled,Full-Time,On-site,4,1.0
E13180,Andrew Smith,Male,27,2023-02-03,Active,Operations Associate,6,G9,Operations,Operations,Operations,Dammam,E10635,Sandra Drake,104300.0,P10628,Filled,Full-Time,On-site,3,3.6
E11580,Thomas Atkins,Male,39,2015-07-18,Active,Operations Technician,6,G5,Operations,Operations,Operations,Dammam,E10635,Sandra Drake,96600.0,P10629,Filled,Full-Time,On-site,3,11.2
E14369,Kenneth Berry,Male,32,2022-05-28,Active,Maintenance Technician,6,G8,Operations,Operations,Operations,Dammam,E10635,Sandra Drake,82600.0,P10630,Filled,Full-Time,On-site,4,4.3
E10759,Michael Butler,Male,33,2022-04-06,Active,Maintenance Technician,6,G9,Operations,Operations,Operations,Dammam,E10635,Sandra Drake,89800.0,P10631,Filled,Full-Time,On-site,1,4.5
E13575,Brian Smith,Male,27,2022-04-26,Active,Maintenance Technician,6,G7,Operations,Operations,Operations,Dammam,E10635,Sandra Drake,109100.0,P10632,Filled,Full-Time,Hybrid,3,4.4
E11806,Erika Solis,Female,33,2025-06-08,Active,Machine Operator,6,G9,Operations,Operations,Operations,Dammam,E10635,Sandra Drake,83000.0,P10633,Filled,Full-Time,On-site,3,1.3
E12869,Luke Collier,Male,31,2020-10-15,Active,Maintenance Technician,6,G8,Operations,Operations,Operations,Dammam,E10635,Sandra Drake,94800.0,P10634,Filled,Full-Time,On-site,3,5.9
E14465,Tamara Davis,Female,38,2019-09-22,Active,Operations Associate,6,G8,Operations,Operations,Operations,Dammam,E10635,Sandra Drake,97700.0,P10635,Filled,Full-Time,On-site,5,7.0
E13455,Ryan Sanchez,Male,28,2019-09-26,Active,Operations Technician,6,G5,Operations,Operations,Operations,Dammam,E10635,Sandra Drake,84000.0,P10636,Filled,Full-Time,On-site,4,7.0
E14558,Leah Warren,Female,41,2020-07-18,Active,Operations Supervisor,5,G10,Operations,Operations,Operations,Dammam,E13604,Jeremy Nelson,140700.0,P10637,Filled,Full-Time,On-site,3,6.2
E11230,James Collins,Male,24,2023-09-26,Active,Senior Operations Technician,6,G10,Operations,Operations,Operations,Dammam,E14558,Leah Warren,127300.0,P10638,Filled,Full-Time,On-site,3,3.0
E12142,Gina Cook,Female,27,2024-07-21,Active,Machine Operator,6,G5,Operations,Operations,Operations,Dammam,E14558,Leah Warren,85600.0,P10639,Filled,Full-Time,On-site,5,2.2
E12490,Carol Dixon,Female,36,2020-07-22,Active,Operations Associate,6,G7,Operations,Operations,Operations,Dammam,E14558,Leah Warren,99000.0,P10640,Filled,Contractor,On-site,3,6.2
E11487,Brian Hicks,Male,26,2023-04-09,Active,Machine Operator,6,G7,Operations,Operations,Operations,Dammam,E14558,Leah Warren,81900.0,P10641,Filled,Full-Time,On-site,2,3.5
E10815,Susan Bailey,Female,25,2022-09-25,Active,Machine Operator,6,G7,Operations,Operations,Operations,Dammam,E14558,Leah Warren,90200.0,P10642,Filled,Full-Time,On-site,3,4.0
E11566,Monica Fuentes,Female,22,2025-09-25,Active,Maintenance Technician,6,G6,Operations,Operations,Operations,Dammam,E14558,Leah Warren,78600.0,P10643,Filled,Contractor,On-site,4,1.0
E12164,Robert Young,Male,34,2021-06-17,Active,Operations Associate,6,G6,Operations,Operations,Operations,Dammam,E14558,Leah Warren,89200.0,P10644,Filled,Contractor,Hybrid,4,5.3
E14891,Charles Gonzalez,Male,39,2022-01-01,Active,Machine Operator,6,G9,Operations,Operations,Operations,Dammam,E14558,Leah Warren,81300.0,P10645,Filled,Full-Time,On-site,4,4.7
E10207,Lindsey Wolf,Female,36,2026-06-19,Active,Operations Associate,6,G7,Operations,Operations,Operations,Dammam,E14558,Leah Warren,89100.0,P10646,Filled,Full-Time,On-site,3,0.3
E11020,Mary Thompson,Female,28,2024-06-27,Active,Operations Associate,6,G5,Operations,Operations,Operations,Dammam,E14558,Leah Warren,85400.0,P10647,Filled,Full-Time,On-site,2,2.2
E11344,Raymond Snyder,Male,26,2021-09-25,Active,Senior Operations Technician,6,G8,Operations,Operations,Operations,Dammam,E14558,Leah Warren,138900.0,P10648,Filled,Full-Time,On-site,2,5.0
E11752,Paul Wolf,Male,36,2016-12-29,Active,Operations Manager,4,G12,Operations,Operations,Operations,Dammam,E10590,Ronald Davis,234800.0,P10649,Filled,Full-Time,On-site,4,9.7
E11548,Joann Glass,Female,32,2022-03-25,Active,Operations Supervisor,5,G10,Operations,Operations,Operations,Dammam,E11752,Paul Wolf,137400.0,P10650,Filled,Full-Time,On-site,3,4.5
E11137,Justin Reid,Male,27,2023-05-03,Active,Operations Associate,6,G6,Operations,Operations,Operations,Dammam,E11548,Joann Glass,85200.0,P10651,Filled,Full-Time,On-site,3,3.4
E13782,Marcus Lin,Male,44,2022-02-20,Active,Senior Operations Technician,6,G6,Operations,Operations,Operations,Dammam,E11548,Joann Glass,112800.0,P10652,Filled,Full-Time,On-site,3,4.6
E13930,Lori Hernandez,Female,27,2020-09-25,Active,Operations Associate,6,G6,Operations,Operations,Operations,Dammam,E11548,Joann Glass,70700.0,P10653,Filled,Full-Time,On-site,3,6.0
E10263,Barry Ramos,Male,21,2026-08-20,Active,Operations Associate,6,G8,Operations,Operations,Operations,Dammam,E11548,Joann Glass,78300.0,P10654,Filled,Contractor,On-site,2,0.1
E14756,Eric Hill,Male,28,2025-10-10,Active,Operations Technician,6,G6,Operations,Operations,Operations,Dammam,E11548,Joann Glass,88100.0,P10655,Filled,Full-Time,On-site,2,1.0
E11448,Amy Romero,Female,31,2024-02-22,Active,Maintenance Technician,6,G8,Operations,Operations,Operations,Dammam,E11548,Joann Glass,90700.0,P10656,Filled,Full-Time,On-site,5,2.6
E13762,Emily Hayes,Female,28,2020-06-09,Active,Operations Associate,6,G7,Operations,Operations,Operations,Dammam,E11548,Joann Glass,83900.0,P10657,Filled,Contractor,On-site,3,6.3
E11657,Anthony Decker,Male,25,2022-09-25,Active,Operations Associate,6,G8,Operations,Operations,Operations,Jubail,E11548,Joann Glass,92600.0,P10658,Filled,Contractor,On-site,3,4.0
E11367,Billy Lin,Male,31,2025-10-26,Active,Operations Technician,6,G7,Operations,Operations,Operations,Dammam,E11548,Joann Glass,108500.0,P10659,Filled,Full-Time,On-site,4,0.9
E10122,Scott Gilbert,Male,41,2020-01-01,Active,Operations Supervisor,5,G11,Operations,Operations,Operations,Dammam,E11752,Paul Wolf,148000.0,P10660,Filled,Full-Time,On-site,3,6.7
E13403,Jonathon Ford,Male,31,2021-09-13,Active,Maintenance Technician,6,G6,Operations,Operations,Operations,Dammam,E10122,Scott Gilbert,91600.0,P10661,Filled,Full-Time,On-site,2,5.0
E12188,Kristen Conner,Female,27,2020-09-25,Active,Operations Technician,6,G5,Operations,Operations,Operations,Dammam,E10122,Scott Gilbert,109600.0,P10662,Filled,Full-Time,On-site,4,6.0
E10857,Steven Cole,Male,34,2022-05-07,Active,Operations Associate,6,G7,Operations,Operations,Operations,Dammam,E10122,Scott Gilbert,111300.0,P10663,Filled,Full-Time,On-site,3,4.4
E10469,Robert Pearson,Male,22,2025-09-25,Active,Operations Associate,6,G7,Operations,Operations,Operations,Dammam,E10122,Scott Gilbert,109200.0,P10664,Filled,Full-Time,On-site,3,1.0
E14296,Frank Alvarez,Male,32,2024-05-21,Active,Maintenance Technician,6,G9,Operations,Operations,Operations,Dammam,E10122,Scott Gilbert,93300.0,P10665,Filled,Full-Time,On-site,3,2.3
E12367,Chris Brown,Male,31,2022-06-23,Active,Operations Technician,6,G6,Operations,Operations,Operations,Dammam,E10122,Scott Gilbert,92800.0,P10666,Filled,Full-Time,On-site,2,4.3
E13088,Brian Nolan,Male,39,2024-06-22,Active,Maintenance Technician,6,G6,Operations,Operations,Operations,Jubail,E10122,Scott Gilbert,84000.0,P10667,Filled,Full-Time,On-site,4,2.3
E14481,Gwendolyn Klein,Female,32,2017-08-15,Active,Operations Associate,6,G8,Operations,Operations,Operations,Dammam,E10122,Scott Gilbert,97600.0,P10668,Filled,Full-Time,On-site,1,9.1
E11143,Jonathan Thompson,Male,36,2013-03-20,Active,Operations Supervisor,5,G10,Operations,Operations,Operations,Dammam,E11752,Paul Wolf,160100.0,P10669,Filled,Full-Time,On-site,4,13.5
E14955,Danielle Kim,Female,32,2024-05-07,Active,Maintenance Technician,6,G6,Operations,Operations,Operations,Dammam,E11143,Jonathan Thompson,111700.0,P10670,Filled,Full-Time,On-site,3,2.4
E13261,Jeffrey Mills,Male,21,2026-08-20,Active,Maintenance Technician,6,G7,Operations,Operations,Operations,Dammam,E11143,Jonathan Thompson,92300.0,P10671,Filled,Full-Time,On-site,3,0.1
E14973,Christopher Watson,Male,26,2021-09-25,Active,Senior Operations Technician,6,G9,Operations,Operations,Operations,Dammam,E11143,Jonathan Thompson,111200.0,P10672,Filled,Full-Time,On-site,3,5.0
E14460,Diane Ortiz,Female,36,2022-05-23,Active,Operations Associate,6,G7,Operations,Operations,Operations,Dammam,E11143,Jonathan Thompson,100500.0,P10673,Filled,Contractor,On-site,4,4.3
E12008,George Harper,Male,26,2024-05-02,Active,Machine Operator,6,G9,Operations,Operations,Operations,Dammam,E11143,Jonathan Thompson,78600.0,P10674,Filled,Full-Time,On-site,3,2.4
E10959,Richard Holland,Male,31,2020-05-08,Active,Machine Operator,6,G5,Operations,Operations,Operations,Dammam,E11143,Jonathan Thompson,87800.0,P10675,Filled,Full-Time,On-site,3,6.4
E11859,Andrea Davis,Female,29,2018-09-25,Active,Operations Associate,6,G7,Operations,Operations,Operations,Jubail,E11143,Jonathan Thompson,100700.0,P10676,Filled,Full-Time,On-site,3,8.0
E12678,Michael Mitchell,Male,28,2024-06-12,Active,Machine Operator,6,G8,Operations,Operations,Operations,Dammam,E11143,Jonathan Thompson,77000.0,P10677,Filled,Contractor,On-site,3,2.3
E10300,Misty Douglas,Female,48,2024-06-17,Active,Senior Operations Technician,6,G10,Operations,Operations,Operations,Dammam,E11143,Jonathan Thompson,94800.0,P10678,Filled,Full-Time,On-site,4,2.3
E14106,Terrence Marks,Male,35,2025-06-22,Active,Operations Technician,6,G5,Operations,Operations,Operations,Dammam,E11143,Jonathan Thompson,103000.0,P10679,Filled,Full-Time,On-site,3,1.3
E14668,Gavin Aguilar,Male,40,2017-07-04,Active,Senior Operations Manager,3,G14,Operations,Operations,Operations,Dammam,E11003,Thomas Jones,271400.0,P10680,Filled,Full-Time,On-site,5,9.2
E10828,Brenda Bailey,Female,37,2010-09-25,Active,Operations Manager,4,G12,Operations,Operations,Operations,Dammam,E14668,Gavin Aguilar,232500.0,P10681,Filled,Full-Time,On-site,3,16.0
E12431,Tracy Hale,Female,42,2022-01-17,Active,Operations Supervisor,5,G11,Operations,Operations,Operations,Dammam,E10828,Brenda Bailey,144500.0,P10682,Filled,Full-Time,On-site,3,4.7
E13635,James Larson,Male,34,2013-09-25,Active,Operations Associate,6,G5,Operations,Operations,Operations,Dammam,E12431,Tracy Hale,121300.0,P10683,Filled,Full-Time,On-site,2,13.0
E11095,Teresa Collins,Female,21,2026-08-20,On Leave,Maintenance Technician,6,G6,Operations,Operations,Operations,Dammam,E12431,Tracy Hale,92300.0,P10684,Filled,Full-Time,On-site,4,0.1
E14161,James Conner,Male,27,2024-08-17,Active,Operations Associate,6,G5,Operations,Operations,Operations,Dammam,E12431,Tracy Hale,78600.0,P10685,Filled,Full-Time,On-site,1,2.1
E13691,Robert Santiago,Male,24,2023-09-26,Active,Maintenance Technician,6,G6,Operations,Operations,Operations,Dammam,E12431,Tracy Hale,96100.0,P10686,Filled,Full-Time,Hybrid,3,3.0
E11301,Sandra Rodgers,Female,28,2020-11-16,Active,Maintenance Technician,6,G5,Operations,Operations,Operations,Dammam,E12431,Tracy Hale,98500.0,P10687,Filled,Full-Time,On-site,2,5.9
E11311,Michael Fox,Male,34,2017-12-12,Active,Operations Technician,6,G5,Operations,Operations,Operations,Dammam,E12431,Tracy Hale,112400.0,P10688,Filled,Full-Time,On-site,3,8.8
E13852,Maria Henderson,Female,30,2024-08-05,Active,Maintenance Technician,6,G7,Operations,Operations,Operations,Dammam,E12431,Tracy Hale,95300.0,P10689,Filled,Full-Time,On-site,3,2.1
E11924,Ivan Cox,Male,38,2021-01-13,Active,Senior Operations Technician,6,G9,Operations,Operations,Operations,Dammam,E12431,Tracy Hale,126400.0,P10690,Filled,Full-Time,On-site,3,5.7
E13186,Catherine Lewis,Female,27,2024-11-03,Active,Senior Operations Technician,6,G10,Operations,Operations,Operations,Dammam,E12431,Tracy Hale,101400.0,P10691,Filled,Full-Time,On-site,4,1.9
E14541,Theresa Tucker,Female,34,2013-09-25,Active,Operations Supervisor,5,G11,Operations,Operations,Operations,Dammam,E10828,Brenda Bailey,160700.0,P10692,Filled,Full-Time,On-site,3,13.0
E13358,Darrell Taylor,Male,27,2020-09-25,Active,Maintenance Technician,6,G8,Operations,Operations,Operations,Dammam,E14541,Theresa Tucker,92300.0,P10693,Filled,Full-Time,On-site,5,6.0
E10080,Billy Richard,Male,30,2025-04-22,Active,Maintenance Technician,6,G5,Operations,Operations,Operations,Dammam,E14541,Theresa Tucker,81700.0,P10694,Filled,Full-Time,On-site,2,1.4
E12801,Ashley Wise,Female,36,2024-12-08,Active,Senior Operations Technician,6,G6,Operations,Operations,Operations,Dammam,E14541,Theresa Tucker,95500.0,P10695,Filled,Full-Time,On-site,5,1.8
E10628,Russell Stephenson,Male,29,2024-12-02,Active,Senior Operations Technician,6,G9,Operations,Operations,Operations,Dammam,E14541,Theresa Tucker,101000.0,P10696,Filled,Full-Time,On-site,5,1.8
E10843,Andrew Rogers,Male,36,2024-02-12,Active,Machine Operator,6,G5,Operations,Operations,Operations,Dammam,E14541,Theresa Tucker,100700.0,P10697,Filled,Full-Time,On-site,3,2.6
E13711,Ralph Anderson,Male,28,2021-05-12,Active,Senior Operations Technician,6,G8,Operations,Operations,Operations,Dammam,E14541,Theresa Tucker,115000.0,P10698,Filled,Full-Time,On-site,3,5.4
E12547,James Martin,Male,36,2022-04-11,Active,Maintenance Technician,6,G8,Operations,Operations,Operations,Dammam,E14541,Theresa Tucker,78600.0,P10699,Filled,Full-Time,On-site,3,4.5
E12699,Ronald Wise,Male,26,2024-12-01,Active,Senior Operations Technician,6,G8,Operations,Operations,Operations,Dammam,E14541,Theresa Tucker,109200.0,P10700,Filled,Full-Time,On-site,3,1.8
E11938,Robert Martin,Male,33,2024-05-21,Active,Maintenance Technician,6,G6,Operations,Operations,Operations,Dammam,E14541,Theresa Tucker,75200.0,P10701,Filled,Full-Time,On-site,3,2.3
E10705,Jeffrey Jenkins,Male,30,2018-07-06,Active,Maintenance Technician,6,G6,Operations,Operations,Operations,Dammam,E14541,Theresa Tucker,87600.0,P10702,Filled,Full-Time,On-site,2,8.2
E10328,Michael Young,Male,42,2024-05-07,Active,Maintenance Technician,6,G9,Operations,Operations,Operations,Dammam,E14541,Theresa Tucker,88400.0,P10703,Filled,Full-Time,On-site,2,2.4
E11864,Jeremy Mitchell,Male,42,2020-02-14,Active,Operations Supervisor,5,G10,Operations,Operations,Operations,Dammam,E10828,Brenda Bailey,131300.0,P10704,Filled,Full-Time,On-site,4,6.6
E13239,Nicole Cole,Female,29,2022-06-14,Active,Operations Technician,6,G8,Operations,Operations,Operations,Dammam,E11864,Jeremy Mitchell,95200.0,P10705,Filled,Full-Time,On-site,4,4.3
E10732,Kimberly Collins,Female,33,2025-04-23,Active,Operations Technician,6,G5,Operations,Operations,Operations,Dammam,E11864,Jeremy Mitchell,94100.0,P10706,Filled,Full-Time,On-site,3,1.4
E11836,Rhonda Harrison,Female,30,2017-09-25,Active,Operations Associate,6,G5,Operations,Operations,Operations,Dammam,E11864,Jeremy Mitchell,96600.0,P10707,Filled,Full-Time,On-site,3,9.0
E10361,Sandy Richardson,Female,35,2020-09-14,Active,Operations Associate,6,G5,Operations,Operations,Operations,Dammam,E11864,Jeremy Mitchell,93400.0,P10708,Filled,Full-Time,On-site,3,6.0
E12251,Travis Joyce,Male,28,2019-09-26,Active,Operations Technician,6,G8,Operations,Operations,Operations,Dammam,E11864,Jeremy Mitchell,108200.0,P10709,Filled,Full-Time,On-site,2,7.0
E13506,Julia Campbell,Female,34,2024-05-30,Active,Machine Operator,6,G8,Operations,Operations,Operations,Dammam,E11864,Jeremy Mitchell,83200.0,P10710,Filled,Full-Time,On-site,5,2.3
E13948,Janet Rose,Female,33,2018-10-08,Active,Operations Associate,6,G9,Operations,Operations,Operations,Dammam,E11864,Jeremy Mitchell,94500.0,P10711,Filled,Full-Time,On-site,3,8.0
E13877,Vincent Montoya,Male,28,2021-10-25,Active,Maintenance Technician,6,G6,Operations,Operations,Operations,Dammam,E11864,Jeremy Mitchell,91000.0,P10712,Filled,Full-Time,On-site,4,4.9
E11568,Rebecca Taylor,Female,35,2022-01-11,Active,Operations Associate,6,G9,Operations,Operations,Operations,Dammam,E11864,Jeremy Mitchell,90400.0,P10713,Filled,Full-Time,On-site,3,4.7
E11259,David Davidson,Male,33,2025-09-12,Active,Senior Operations Technician,6,G6,Operations,Operations,Operations,Dammam,E11864,Jeremy Mitchell,89800.0,P10714,Filled,Full-Time,On-site,3,1.0
E10690,Shane Spencer,Male,44,2014-12-11,Active,Operations Manager,4,G13,Operations,Operations,Operations,Jubail,E14668,Gavin Aguilar,200400.0,P10715,Filled,Full-Time,On-site,1,11.8
E13024,Brian Singleton,Male,36,2020-04-10,Active,Operations Supervisor,5,G11,Operations,Operations,Operations,Jubail,E10690,Shane Spencer,137800.0,P10716,Filled,Full-Time,On-site,3,6.5
E10404,Samuel Mitchell,Male,41,2024-08-06,On Leave,Machine Operator,6,G8,Operations,Operations,Operations,Jubail,E13024,Brian Singleton,92900.0,P10717,Filled,Full-Time,On-site,3,2.1
E13577,Phillip Nelson,Male,30,2025-03-22,Active,Senior Operations Technician,6,G7,Operations,Operations,Operations,Jubail,E13024,Brian Singleton,104300.0,P10718,Filled,Full-Time,On-site,3,1.5
E10257,Taylor Hernandez,Male,31,2016-09-25,Active,Senior Operations Technician,6,G6,Operations,Operations,Operations,Jubail,E13024,Brian Singleton,127000.0,P10719,Filled,Part-Time,On-site,4,10.0
E14023,Jessica Potts,Female,31,2025-01-17,Active,Machine Operator,6,G9,Operations,Operations,Operations,Dammam,E13024,Brian Singleton,94600.0,P10720,Filled,Full-Time,On-site,4,1.7
E10028,Courtney Hayes,Female,31,2022-02-18,Active,Maintenance Technician,6,G7,Operations,Operations,Operations,Jubail,E13024,Brian Singleton,86300.0,P10721,Filled,Full-Time,On-site,3,4.6
E10974,Gregory Johnson,Male,36,2022-11-24,Active,Maintenance Technician,6,G6,Operations,Operations,Operations,Jubail,E13024,Brian Singleton,105900.0,P10722,Filled,Full-Time,On-site,5,3.8
E11124,Amy Shaw,Female,26,2021-09-25,Active,Maintenance Technician,6,G5,Operations,Operations,Operations,Jubail,E13024,Brian Singleton,93900.0,P10723,Filled,Full-Time,On-site,2,5.0
E12721,Cynthia Vang,Female,38,2019-03-18,Active,Operations Technician,6,G5,Operations,Operations,Operations,Jubail,E13024,Brian Singleton,88600.0,P10724,Filled,Full-Time,On-site,3,7.5
E12942,James Johnson,Male,34,2019-10-09,Active,Senior Operations Technician,6,G8,Operations,Operations,Operations,Dammam,E13024,Brian Singleton,121100.0,P10725,Filled,Contractor,On-site,5,7.0
E12450,Timothy Combs,Male,36,2017-07-06,Active,Operations Supervisor,5,G10,Operations,Operations,Operations,Jubail,E10690,Shane Spencer,182800.0,P10726,Filled,Full-Time,On-site,3,9.2
E10225,Matthew Moody,Male,21,2026-08-20,Active,Machine Operator,6,G7,Operations,Operations,Operations,Jubail,E12450,Timothy Combs,83000.0,P10727,Filled,Contractor,Hybrid,4,0.1
E14492,Brenda Mitchell,Female,36,2012-11-15,Active,Operations Technician,6,G6,Operations,Operations,Operations,Jubail,E12450,Timothy Combs,104200.0,P10728,Filled,Full-Time,On-site,3,13.9
E12635,Ronald Horton,Male,30,2021-05-16,Active,Operations Associate,6,G9,Operations,Operations,Operations,Dammam,E12450,Timothy Combs,92900.0,P10729,Filled,Contractor,On-site,3,5.4
E11632,Brenda Thornton,Female,27,2024-08-12,Active,Machine Operator,6,G8,Operations,Operations,Operations,Jubail,E12450,Timothy Combs,96100.0,P10730,Filled,Full-Time,On-site,4,2.1
E13633,Joan Smith,Female,26,2024-11-26,Active,Operations Associate,6,G5,Operations,Operations,Operations,Jubail,E12450,Timothy Combs,102100.0,P10731,Filled,Full-Time,On-site,4,1.8
E14651,Bobby Scott,Male,21,2026-08-20,Active,Machine Operator,6,G6,Operations,Operations,Operations,Jubail,E12450,Timothy Combs,74300.0,P10732,Filled,Full-Time,On-site,2,0.1
E12529,Ruben Dunn,Male,33,2021-12-13,Active,Machine Operator,6,G5,Operations,Operations,Operations,Dammam,E12450,Timothy Combs,95400.0,P10733,Filled,Contractor,Hybrid,3,4.8
E12992,Nicholas Rose,Male,28,2020-08-21,Active,Operations Technician,6,G5,Operations,Operations,Operations,Jubail,E12450,Timothy Combs,85600.0,P10734,Filled,Full-Time,On-site,4,6.1
E10202,Brian Roberts,Male,38,2022-10-20,Active,Machine Operator,6,G9,Operations,Operations,Operations,Jubail,E12450,Timothy Combs,95300.0,P10735,Filled,Full-Time,On-site,3,3.9
E13227,Eric Williams,Male,30,2025-08-25,Active,Machine Operator,6,G9,Operations,Operations,Operations,Jubail,E12450,Timothy Combs,90600.0,P10736,Filled,Full-Time,On-site,5,1.1
E11038,Jennifer Bauer,Female,32,2024-01-22,Active,Maintenance Technician,6,G9,Operations,Operations,Operations,Dammam,E12450,Timothy Combs,93000.0,P10737,Filled,Contractor,On-site,3,2.7
E10448,Joyce Rodriguez,Female,36,2019-03-04,Active,Operations Supervisor,5,G10,Operations,Operations,Operations,Jubail,E10690,Shane Spencer,150800.0,P10738,Filled,Full-Time,On-site,2,7.6
E11246,Susan Carlson,Female,33,2023-02-06,Active,Machine Operator,6,G7,Operations,Operations,Operations,Jubail,E10448,Joyce Rodriguez,107100.0,P10739,Filled,Full-Time,On-site,2,3.6
E13845,Alexis Robertson,Female,37,2010-09-25,Active,Operations Technician,6,G9,Operations,Operations,Operations,Jubail,E10448,Joyce Rodriguez,96400.0,P10740,Filled,Full-Time,On-site,3,16.0
E13955,David Thomas,Male,26,2022-10-02,Active,Operations Technician,6,G5,Operations,Operations,Operations,Jubail,E10448,Joyce Rodriguez,85100.0,P10741,Filled,Full-Time,On-site,5,4.0
E12413,Jeffrey Mendez,Male,29,2025-11-15,Active,Operations Associate,6,G5,Operations,Operations,Operations,Jubail,E10448,Joyce Rodriguez,88300.0,P10742,Filled,Full-Time,On-site,3,0.9
E10375,Cynthia Butler,Female,26,2021-11-04,Active,Operations Technician,6,G7,Operations,Operations,Operations,Jubail,E10448,Joyce Rodriguez,95600.0,P10743,Filled,Full-Time,On-site,3,4.9
E10672,Matthew Miller,Male,25,2022-09-25,Active,Machine Operator,6,G8,Operations,Operations,Operations,Jubail,E10448,Joyce Rodriguez,83600.0,P10744,Filled,Full-Time,On-site,5,4.0
E12993,Vanessa Jones,Female,33,2014-09-25,Active,Maintenance Technician,6,G5,Operations,Operations,Operations,Jubail,E10448,Joyce Rodriguez,117500.0,P10745,Filled,Contractor,On-site,3,12.0
E10701,Kelly Romero,Female,29,2019-08-01,Active,Maintenance Technician,6,G6,Operations,Operations,Operations,Jubail,E10448,Joyce Rodriguez,127300.0,P10746,Filled,Full-Time,On-site,3,7.2
E14376,William Spencer,Male,34,2016-04-30,Active,Operations Manager,4,G13,Operations,Operations,Operations,Jubail,E14668,Gavin Aguilar,220900.0,P10747,Filled,Full-Time,On-site,4,10.4
E12962,Jeanette Harrison,Female,36,2023-05-19,Active,Operations Supervisor,5,G10,Operations,Operations,Operations,Jubail,E14376,William Spencer,118400.0,P10748,Filled,Full-Time,On-site,3,3.4
E13290,Mark Zavala,Male,29,2020-09-17,Active,Senior Operations Technician,6,G9,Operations,Operations,Operations,Jubail,E12962,Jeanette Harrison,111600.0,P10749,Filled,Full-Time,On-site,4,6.0
E10329,Dawn Smith,Female,35,2024-07-01,Active,Senior Operations Technician,6,G10,Operations,Operations,Operations,Jubail,E12962,Jeanette Harrison,95700.0,P10750,Filled,Full-Time,On-site,3,2.2
E13507,Rachel Cooper,Female,37,2021-10-12,Active,Operations Technician,6,G9,Operations,Operations,Operations,Jubail,E12962,Jeanette Harrison,96700.0,P10751,Filled,Part-Time,On-site,3,5.0
E13064,Nicholas Fuller,Male,32,2021-12-13,Active,Machine Operator,6,G5,Operations,Operations,Operations,Jubail,E12962,Jeanette Harrison,101400.0,P10752,Filled,Full-Time,On-site,4,4.8
E10708,Raymond Moss,Male,35,2019-12-08,Active,Senior Operations Technician,6,G6,Operations,Operations,Operations,Jubail,E12962,Jeanette Harrison,111900.0,P10753,Filled,Full-Time,On-site,2,6.8
E13835,Gary Williams,Male,33,2024-10-02,Active,Operations Associate,6,G6,Operations,Operations,Operations,Jubail,E12962,Jeanette Harrison,99500.0,P10754,Filled,Full-Time,On-site,2,2.0
E13039,Joshua Li,Male,21,2026-08-20,Active,Operations Technician,6,G5,Operations,Operations,Operations,Jubail,E12962,Jeanette Harrison,85800.0,P10755,Filled,Full-Time,On-site,5,0.1
E13385,Christopher Maxwell,Male,22,2025-09-25,Active,Maintenance Technician,6,G9,Operations,Operations,Operations,Jubail,E12962,Jeanette Harrison,71800.0,P10756,Filled,Contractor,On-site,2,1.0
E13902,Julie Dominguez,Female,26,2021-09-25,Active,Operations Technician,6,G5,Operations,Operations,Operations,Jubail,E12962,Jeanette Harrison,82300.0,P10757,Filled,Contractor,Hybrid,2,5.0
,,,,,,Maintenance Technician,6,G5,Operations,Operations,Operations,Jubail,E12962,Jeanette Harrison,,P10758,Vacant,,,,
E14024,Mark Cain,Male,33,2015-01-28,Active,Senior Operations Technician,6,G9,Operations,Operations,Operations,Jubail,E12962,Jeanette Harrison,111400.0,P10759,Filled,Full-Time,On-site,4,11.7
E14052,Amy Parsons,Female,39,2024-05-23,Active,Operations Supervisor,5,G10,Operations,Operations,Operations,Jubail,E14376,William Spencer,172000.0,P10760,Filled,Full-Time,On-site,3,2.3
E10953,Judith Carter,Female,21,2026-08-20,Active,Operations Technician,6,G8,Operations,Operations,Operations,Jubail,E14052,Amy Parsons,90000.0,P10761,Filled,Full-Time,On-site,4,0.1
E12071,Amanda Gonzalez,Female,31,2021-07-04,Active,Operations Associate,6,G9,Operations,Operations,Operations,Jubail,E14052,Amy Parsons,88900.0,P10762,Filled,Full-Time,On-site,1,5.2
E11563,Amanda Mahoney,Female,34,2021-06-10,Active,Maintenance Technician,6,G5,Operations,Operations,Operations,Jubail,E14052,Amy Parsons,103900.0,P10763,Filled,Part-Time,On-site,3,5.3
E14298,Kaylee Hays,Female,30,2023-05-30,Active,Maintenance Technician,6,G5,Operations,Operations,Operations,Jubail,E14052,Amy Parsons,85000.0,P10764,Filled,Full-Time,On-site,3,3.3
E14428,Kimberly King,Female,24,2023-10-08,Active,Operations Associate,6,G7,Operations,Operations,Operations,Jubail,E14052,Amy Parsons,84300.0,P10765,Filled,Full-Time,On-site,2,3.0
E10008,Nicole Lee,Female,32,2023-07-28,Active,Maintenance Technician,6,G6,Operations,Operations,Operations,Jubail,E14052,Amy Parsons,75300.0,P10766,Filled,Full-Time,On-site,3,3.2
E10575,Heather Norman,Female,25,2022-09-25,Active,Maintenance Technician,6,G5,Operations,Operations,Operations,Jubail,E14052,Amy Parsons,84900.0,P10767,Filled,Full-Time,On-site,4,4.0
E10571,Sharon Rivera,Female,22,2025-09-25,Active,Operations Associate,6,G8,Operations,Operations,Operations,Jubail,E14052,Amy Parsons,86600.0,P10768,Filled,Full-Time,On-site,4,1.0
E10892,Belinda Richardson,Female,27,2024-08-13,Active,Senior Operations Technician,6,G7,Operations,Operations,Operations,Jubail,E14052,Amy Parsons,103500.0,P10769,Filled,Full-Time,On-site,3,2.1
E11592,Steve Paul,Male,27,2022-04-22,Active,Senior Operations Technician,6,G9,Operations,Operations,Operations,Jubail,E14052,Amy Parsons,101300.0,P10770,Filled,Full-Time,On-site,3,4.4
E14586,Steven Hughes,Male,33,2022-04-14,On Leave,Operations Supervisor,5,G11,Operations,Operations,Operations,Jubail,E14376,William Spencer,144500.0,P10771,Filled,Full-Time,On-site,2,4.4
E11988,William Crawford,Male,37,2023-03-29,Active,Machine Operator,6,G7,Operations,Operations,Operations,Jubail,E14586,Steven Hughes,97900.0,P10772,Filled,Full-Time,On-site,3,3.5
E13528,Kathleen Glass,Female,32,2015-09-26,Active,Machine Operator,6,G7,Operations,Operations,Operations,Jubail,E14586,Steven Hughes,99900.0,P10773,Filled,Full-Time,On-site,3,11.0
E14121,Joseph Owen,Male,31,2022-08-25,Active,Operations Associate,6,G7,Operations,Operations,Operations,Jubail,E14586,Steven Hughes,84600.0,P10774,Filled,Contractor,On-site,3,4.1
E13335,Monica Miller,Female,31,2016-09-25,Active,Maintenance Technician,6,G6,Operations,Operations,Operations,Dammam,E14586,Steven Hughes,77900.0,P10775,Filled,Full-Time,On-site,3,10.0
E14839,Lindsey Short,Female,31,2025-10-12,Active,Operations Associate,6,G5,Operations,Operations,Operations,Jubail,E14586,Steven Hughes,92400.0,P10776,Filled,Full-Time,On-site,3,1.0
E13346,Kimberly Morris,Female,24,2023-09-26,Active,Senior Operations Technician,6,G9,Operations,Operations,Operations,Jubail,E14586,Steven Hughes,113600.0,P10777,Filled,Full-Time,On-site,4,3.0
E10679,Angela Guerrero,Female,25,2022-09-25,Active,Operations Technician,6,G6,Operations,Operations,Operations,Jubail,E14586,Steven Hughes,98400.0,P10778,Filled,Full-Time,On-site,2,4.0
E14036,Elizabeth Morrison,Female,34,2020-09-15,Active,Operations Technician,6,G7,Operations,Operations,Operations,Jubail,E14586,Steven Hughes,82400.0,P10779,Filled,Contractor,On-site,3,6.0
E10559,Jessica Norris,Female,35,2025-05-19,Active,Operations Associate,6,G6,Operations,Operations,Operations,Jubail,E14586,Steven Hughes,93800.0,P10780,Filled,Full-Time,On-site,3,1.4
E11522,Gregory Williams,Male,28,2021-03-12,Active,Maintenance Technician,6,G7,Operations,Operations,Operations,Jubail,E14586,Steven Hughes,90600.0,P10781,Filled,Full-Time,On-site,2,5.5
E11810,Sergio Gomez,Male,23,2024-09-25,Active,Senior Operations Technician,6,G6,Operations,Operations,Operations,Jubail,E14586,Steven Hughes,98500.0,P10782,Filled,Contractor,On-site,3,2.0
E10971,Zachary Hill,Male,49,2006-05-19,Active,"Director, Regional Operations",2,G17,Operations,Operations,Operations,Dammam,E14591,James Hernandez,448000.0,P10783,Filled,Full-Time,On-site,2,20.4
E10969,William Gould,Male,48,2013-09-01,Active,Senior Operations Manager,3,G14,Operations,Operations,Operations,Dammam,E10971,Zachary Hill,254200.0,P10784,Filled,Full-Time,On-site,3,13.1
E13048,Benjamin Walsh,Male,30,2020-11-12,Active,Operations Manager,4,G12,Operations,Operations,Operations,Dammam,E10969,William Gould,237600.0,P10785,Filled,Full-Time,On-site,3,5.9
E12372,Heidi Owen,Female,40,2020-04-23,Active,Operations Supervisor,5,G10,Operations,Operations,Operations,Dammam,E13048,Benjamin Walsh,143800.0,P10786,Filled,Full-Time,On-site,4,6.4
E11975,Michael Cisneros,Male,38,2022-01-06,Active,Maintenance Technician,6,G5,Operations,Operations,Operations,Dammam,E12372,Heidi Owen,93800.0,P10787,Filled,Full-Time,On-site,2,4.7
E11523,Charles Lawson,Male,29,2024-05-10,Active,Senior Operations Technician,6,G7,Operations,Operations,Operations,Dammam,E12372,Heidi Owen,115100.0,P10788,Filled,Full-Time,On-site,3,2.4
E13001,Rachael Johnson,Female,40,2019-01-06,Active,Senior Operations Technician,6,G9,Operations,Operations,Operations,Dammam,E12372,Heidi Owen,117200.0,P10789,Filled,Full-Time,On-site,2,7.7
E10951,Andrea Osborne,Female,25,2024-08-03,Active,Operations Associate,6,G9,Operations,Operations,Operations,Dammam,E12372,Heidi Owen,82500.0,P10790,Filled,Full-Time,On-site,2,2.1
E13568,Jacob Reyes,Male,27,2025-04-05,Active,Operations Technician,6,G9,Operations,Operations,Operations,Dammam,E12372,Heidi Owen,101100.0,P10791,Filled,Full-Time,On-site,2,1.5
E14251,Keith Jacobs,Male,30,2018-03-26,Active,Senior Operations Technician,6,G7,Operations,Operations,Operations,Dammam,E12372,Heidi Owen,125800.0,P10792,Filled,Full-Time,On-site,1,8.5
E11698,Michael Rush,Male,30,2017-09-25,Active,Operations Technician,6,G6,Operations,Operations,Operations,Dammam,E12372,Heidi Owen,91900.0,P10793,Filled,Full-Time,On-site,3,9.0
E13539,Jacob Hines,Male,31,2016-11-19,Active,Maintenance Technician,6,G9,Operations,Operations,Operations,Dammam,E12372,Heidi Owen,93700.0,P10794,Filled,Contractor,On-site,2,9.8
E14755,Kenneth Moreno,Male,38,2023-07-11,Active,Operations Supervisor,5,G10,Operations,Operations,Operations,Dammam,E13048,Benjamin Walsh,153200.0,P10795,Filled,Full-Time,On-site,3,3.2
E13220,Jennifer Banks,Female,35,2022-10-14,Active,Operations Technician,6,G9,Operations,Operations,Operations,Dammam,E14755,Kenneth Moreno,94500.0,P10796,Filled,Full-Time,On-site,3,3.9
E13332,David Wilson,Male,33,2023-08-01,Active,Operations Associate,6,G7,Operations,Operations,Operations,Dammam,E14755,Kenneth Moreno,95200.0,P10797,Filled,Full-Time,On-site,3,3.2
E11103,Noah Porter,Male,29,2023-08-14,Active,Operations Technician,6,G7,Operations,Operations,Operations,Jubail,E14755,Kenneth Moreno,111800.0,P10798,Filled,Full-Time,On-site,4,3.1
E12753,James Hoffman,Male,33,2023-11-13,Active,Operations Associate,6,G9,Operations,Operations,Operations,Dammam,E14755,Kenneth Moreno,91700.0,P10799,Filled,Full-Time,On-site,3,2.9
E10551,Deborah Green,Female,32,2020-03-30,Active,Operations Associate,6,G5,Operations,Operations,Operations,Dammam,E14755,Kenneth Moreno,98800.0,P10800,Filled,Full-Time,On-site,3,6.5
E13895,Jeremy Davies,Male,37,2015-02-21,Active,Senior Operations Technician,6,G8,Operations,Operations,Operations,Dammam,E14755,Kenneth Moreno,148800.0,P10801,Filled,Contractor,On-site,3,11.6
E12674,Dustin Hendricks,Male,21,2026-08-20,Active,Maintenance Technician,6,G7,Operations,Operations,Operations,Dammam,E14755,Kenneth Moreno,104600.0,P10802,Filled,Full-Time,On-site,4,0.1
E11203,Katherine Martinez,Female,25,2022-09-25,Active,Operations Associate,6,G6,Operations,Operations,Operations,Dammam,E14755,Kenneth Moreno,91400.0,P10803,Filled,Full-Time,On-site,5,4.0
E10737,Sarah Hayes,Female,26,2021-09-25,Active,Maintenance Technician,6,G9,Operations,Operations,Operations,Dammam,E14755,Kenneth Moreno,98600.0,P10804,Filled,Full-Time,On-site,2,5.0
E10036,Steven Wallace,Male,46,2023-08-05,Active,Operations Supervisor,5,G11,Operations,Operations,Operations,Dammam,E13048,Benjamin Walsh,135100.0,P10805,Filled,Full-Time,On-site,3,3.1
E11243,Anita Fleming,Female,29,2023-10-22,Active,Maintenance Technician,6,G6,Operations,Operations,Operations,Dammam,E10036,Steven Wallace,84900.0,P10806,Filled,Full-Time,On-site,3,2.9
E14426,Ryan Flores,Male,29,2019-01-22,Active,Maintenance Technician,6,G6,Operations,Operations,Operations,Dammam,E10036,Steven Wallace,111700.0,P10807,Filled,Full-Time,On-site,4,7.7
E12320,Gregory Brown,Male,28,2024-08-29,Active,Operations Associate,6,G9,Operations,Operations,Operations,Dammam,E10036,Steven Wallace,117000.0,P10808,Filled,Full-Time,On-site,1,2.1
E12143,Kimberly Vance,Female,36,2025-09-24,Active,Machine Operator,6,G5,Operations,Operations,Operations,Dammam,E10036,Steven Wallace,101900.0,P10809,Filled,Full-Time,On-site,4,1.0
E11561,Samuel Joseph,Male,29,2018-09-25,Active,Operations Technician,6,G8,Operations,Operations,Operations,Dammam,E10036,Steven Wallace,87200.0,P10810,Filled,Contractor,On-site,4,8.0
E12966,Timothy Little,Male,28,2019-09-26,Active,Machine Operator,6,G9,Operations,Operations,Operations,Dammam,E10036,Steven Wallace,97700.0,P10811,Filled,Full-Time,On-site,3,7.0
E11312,Rebecca Hicks,Female,27,2022-08-15,Active,Maintenance Technician,6,G8,Operations,Operations,Operations,Dammam,E10036,Steven Wallace,0.0,P10812,Filled,Full-Time,On-site,2,4.1
E11765,Bryan Harris,Male,34,2021-08-24,Active,Operations Technician,6,G5,Operations,Operations,Operations,Dammam,E10036,Steven Wallace,93200.0,P10813,Filled,Full-Time,On-site,4,5.1
E11908,Brenda Tyler,Female,22,2025-09-25,Active,Machine Operator,6,G8,Operations,Operations,Operations,Dammam,E10036,Steven Wallace,76100.0,P10814,Filled,Full-Time,On-site,3,1.0
E12527,Allison Spencer,Female,38,2017-11-09,Active,Operations Manager,4,G13,Operations,Operations,Operations,Dammam,E10969,William Gould,204700.0,P10815,Filled,Full-Time,On-site,3,8.9
E12697,Jackie Lara,Female,43,2024-04-11,On Leave,Operations Supervisor,5,G10,Operations,Operations,Operations,Dammam,E12527,Allison Spencer,143600.0,P10816,Filled,Full-Time,On-site,4,2.5
E13029,Juan Salazar,Male,42,2020-10-28,Active,Operations Technician,6,G8,Operations,Operations,Operations,Dammam,E12697,Jackie Lara,115200.0,P10817,Filled,Full-Time,On-site,5,5.9
E14433,Brandon Parker,Male,37,2017-12-15,Active,Machine Operator,6,G7,Operations,Operations,Operations,Dammam,E12697,Jackie Lara,82800.0,P10818,Filled,Full-Time,On-site,4,8.8
E14883,Zachary Higgins,Male,26,2021-09-25,Active,Senior Operations Technician,6,G9,Operations,Operations,Operations,Dammam,E12697,Jackie Lara,107300.0,P10819,Filled,Full-Time,On-site,4,5.0
E14250,Joseph Hammond,Male,26,2025-03-17,Active,Machine Operator,6,G8,Operations,Operations,Operations,Dammam,E12697,Jackie Lara,81300.0,P10820,Filled,Full-Time,On-site,3,1.5
E12811,Rodney Jones,Male,32,2023-11-08,Active,Senior Operations Technician,6,G8,Operations,Operations,Operations,Dammam,E12697,Jackie Lara,108000.0,P10821,Filled,Full-Time,On-site,3,2.9
E12200,William Day,Male,40,2019-08-24,Active,Machine Operator,6,G8,Operations,Operations,Operations,Dammam,E12697,Jackie Lara,102300.0,P10822,Filled,Full-Time,On-site,4,7.1
,,,,,,Operations Associate,6,G5,Operations,Operations,Operations,Dammam,E12697,Jackie Lara,,P10823,Vacant,,,,
E12313,Jerry Frazier,Male,36,2022-06-25,Active,Machine Operator,6,G9,Operations,Operations,Operations,Dammam,E12697,Jackie Lara,104000.0,P10824,Filled,Contractor,On-site,3,4.3
E14094,Gregory Humphrey,Male,34,2023-04-17,Active,Machine Operator,6,G9,Operations,Operations,Operations,Dammam,E12697,Jackie Lara,82400.0,P10825,Filled,Full-Time,On-site,3,3.4
E12169,Penny Bowman,Female,38,2020-06-08,Active,Operations Supervisor,5,G10,Operations,Operations,Operations,Dammam,E12527,Allison Spencer,176800.0,P10826,Filled,Full-Time,Hybrid,3,6.3
E10309,Christopher Burch,Male,32,2022-11-18,Active,Maintenance Technician,6,G7,Operations,Operations,Operations,Dammam,E12169,Penny Bowman,96500.0,P10827,Filled,Full-Time,On-site,5,3.9
E10584,Jessica Bartlett,Female,41,2021-06-18,Active,Operations Technician,6,G6,Operations,Operations,Operations,Dammam,E12169,Penny Bowman,88600.0,P10828,Filled,Full-Time,On-site,3,5.3
E13552,Anthony Martinez,Male,28,2019-09-26,Active,Senior Operations Technician,6,G8,Operations,Operations,Operations,Dammam,E12169,Penny Bowman,121700.0,P10829,Filled,Full-Time,On-site,3,7.0
E14414,Christian Martin,Male,27,2020-09-25,Active,Maintenance Technician,6,G7,Operations,Operations,Operations,Dammam,E12169,Penny Bowman,92700.0,P10830,Filled,Full-Time,On-site,3,6.0
E10427,Erica Fletcher,Female,28,2026-05-06,Active,Operations Technician,6,G8,Operations,Operations,Operations,Dammam,E12169,Penny Bowman,77700.0,P10831,Filled,Full-Time,On-site,2,0.4
E10389,Hannah Everett,Female,35,2025-07-28,Active,Senior Operations Technician,6,G7,Operations,Operations,Operations,Dammam,E12169,Penny Bowman,104900.0,P10832,Filled,Full-Time,On-site,3,1.2
E12330,Stephanie Singleton,Female,28,2023-03-23,Active,Operations Associate,6,G8,Operations,Operations,Operations,Dammam,E12169,Penny Bowman,82200.0,P10833,Filled,Full-Time,On-site,3,3.5
E14317,Danielle Reid,Female,32,2025-07-22,Active,Operations Associate,6,G8,Operations,Operations,Operations,Dammam,E12169,Penny Bowman,94300.0,P10834,Filled,Full-Time,On-site,3,1.2
E14467,Juan Martinez,Male,23,2024-09-25,Active,Operations Supervisor,5,G10,Operations,Operations,Operations,Dammam,E12527,Allison Spencer,125000.0,P10835,Filled,Full-Time,On-site,5,2.0
E14054,Eric Ferguson,Male,31,2025-05-01,Active,Machine Operator,6,G7,Operations,Operations,Operations,Dammam,E14467,Juan Martinez,85200.0,P10836,Filled,Full-Time,On-site,4,1.4
E13160,Kathryn Jackson,Female,27,2022-07-31,Active,Operations Technician,6,G9,Operations,Operations,Operations,Dammam,E14467,Juan Martinez,93600.0,P10837,Filled,Full-Time,On-site,4,4.2
E14085,Teresa Moore,Female,34,2024-05-31,Active,Operations Technician,6,G6,Operations,Operations,Operations,Dammam,E14467,Juan Martinez,94800.0,P10838,Filled,Part-Time,On-site,3,2.3
E13404,Matthew Le,Male,26,2021-09-25,Active,Machine Operator,6,G6,Operations,Operations,Operations,Dammam,E14467,Juan Martinez,83000.0,P10839,Filled,Full-Time,On-site,2,5.0
E13534,Larry Kirby,Male,34,2017-09-28,Active,Senior Operations Technician,6,G6,Operations,Operations,Operations,Dammam,E14467,Juan Martinez,107800.0,P10840,Filled,Full-Time,On-site,4,9.0
E11235,Justin Bryan,Male,26,2021-09-25,On Leave,Maintenance Technician,6,G8,Operations,Operations,Operations,Jubail,E14467,Juan Martinez,79000.0,P10841,Filled,Full-Time,On-site,3,5.0
E10882,Allen Williams,Male,32,2022-08-15,Active,Operations Associate,6,G7,Operations,Operations,Operations,Dammam,E14467,Juan Martinez,90400.0,P10842,Filled,Contractor,On-site,3,4.1
E10851,Martin Ray,Male,28,2020-10-20,Active,Operations Technician,6,G8,Operations,Operations,Operations,Dammam,E14467,Juan Martinez,108400.0,P10843,Filled,Full-Time,On-site,5,5.9
E13932,Matthew Wang,Male,32,2022-10-11,Active,Operations Technician,6,G9,Operations,Operations,Operations,Dammam,E14467,Juan Martinez,78300.0,P10844,Filled,Full-Time,On-site,3,4.0
E12557,Jason Fowler,Male,50,2010-07-01,Active,Operations Manager,4,G13,Operations,Operations,Operations,Dammam,E10969,William Gould,247100.0,P10845,Filled,Full-Time,On-site,3,16.2
E10383,Kathleen Burton,Female,36,2026-01-06,Active,Operations Supervisor,5,G10,Operations,Operations,Operations,Dammam,E12557,Jason Fowler,144900.0,P10846,Filled,Full-Time,On-site,5,0.7
E12914,Dylan Frye,Male,38,2025-07-23,Active,Machine Operator,6,G5,Operations,Operations,Operations,Dammam,E10383,Kathleen Burton,72400.0,P10847,Filled,Full-Time,Hybrid,3,1.2
E10230,Karen Ballard,Female,35,2021-05-03,Active,Machine Operator,6,G8,Operations,Operations,Operations,Dammam,E10383,Kathleen Burton,84300.0,P10848,Filled,Full-Time,On-site,2,5.4
E12526,Michael Evans,Male,28,2025-06-01,Active,Operations Technician,6,G7,Operations,Operations,Operations,Dammam,E10383,Kathleen Burton,78800.0,P10849,Filled,Full-Time,On-site,3,1.3
E12225,Angel Brown,Female,36,2024-11-02,Active,Maintenance Technician,6,G8,Operations,Operations,Operations,Dammam,E10383,Kathleen Burton,88400.0,P10850,Filled,Full-Time,On-site,4,1.9
E12650,Jeffrey Washington,Male,28,2021-07-28,Active,Senior Operations Technician,6,G7,Operations,Operations,Operations,Dammam,E10383,Kathleen Burton,109800.0,P10851,Filled,Full-Time,On-site,2,5.2
E10365,Christina Lawson,Female,36,2020-10-10,Active,Machine Operator,6,G5,Operations,Operations,Operations,Dammam,E10383,Kathleen Burton,85300.0,P10852,Filled,Full-Time,On-site,3,6.0
E10072,Erik Higgins,Male,27,2020-09-25,Active,Machine Operator,6,G9,Operations,Operations,Operations,Dammam,E10383,Kathleen Burton,100900.0,P10853,Filled,Full-Time,On-site,3,6.0
E11507,Nicholas Valencia,Male,27,2025-01-24,Active,Operations Associate,6,G6,Operations,Operations,Operations,Dammam,E10383,Kathleen Burton,81600.0,P10854,Filled,Full-Time,On-site,3,1.7
E11956,William Anderson,Male,41,2012-03-22,Active,Operations Supervisor,5,G11,Operations,Operations,Operations,Dammam,E12557,Jason Fowler,146600.0,P10855,Filled,Full-Time,On-site,4,14.5
E11293,Jacqueline Hoffman,Female,30,2022-11-20,Active,Operations Technician,6,G5,Operations,Operations,Operations,Jubail,E11956,William Anderson,88900.0,P10856,Filled,Full-Time,On-site,2,3.8
E11996,Francis Owens,Male,33,2018-03-14,Active,Maintenance Technician,6,G6,Operations,Operations,Operations,Dammam,E11956,William Anderson,99900.0,P10857,Filled,Full-Time,On-site,5,8.5
E10007,Debra Wright,Female,31,2023-07-12,Active,Senior Operations Technician,6,G9,Operations,Operations,Operations,Dammam,E11956,William Anderson,108200.0,P10858,Filled,Full-Time,On-site,4,3.2
E14018,Brent Roberts,Male,25,2022-09-25,Active,Operations Technician,6,G5,Operations,Operations,Operations,Dammam,E11956,William Anderson,82400.0,P10859,Filled,Full-Time,On-site,3,4.0
E14652,James Gilbert,Male,34,2020-10-16,Active,Maintenance Technician,6,G9,Operations,Operations,Operations,Dammam,E11956,William Anderson,96000.0,P10860,Filled,Full-Time,On-site,2,5.9
E14702,David Grimes,Male,21,2026-08-20,Active,Operations Associate,6,G7,Operations,Operations,Operations,Dammam,E11956,William Anderson,78500.0,P10861,Filled,Full-Time,On-site,3,0.1
,,,,,,Operations Associate,6,G9,Operations,Operations,Operations,Dammam,E11956,William Anderson,,P10862,Vacant,,,,
E12578,Christopher Murphy,Male,36,2011-09-26,Active,Operations Associate,6,G9,Operations,Operations,Operations,Dammam,E11956,William Anderson,113200.0,P10863,Filled,Full-Time,On-site,4,15.0
E12806,Kenneth Edwards,Male,32,2018-08-05,Active,Operations Associate,6,G9,Operations,Operations,Operations,Dammam,E11956,William Anderson,102500.0,P10864,Filled,Contractor,On-site,4,8.1
E12563,Phillip Jimenez,Male,25,2022-09-25,Active,Operations Supervisor,5,G11,Operations,Operations,Operations,Dammam,E12557,Jason Fowler,137900.0,P10865,Filled,Full-Time,On-site,2,4.0
E14223,Jose Jimenez,Male,27,2022-12-24,Active,Senior Operations Technician,6,G10,Operations,Operations,Operations,Dammam,E12563,Phillip Jimenez,121200.0,P10866,Filled,Full-Time,On-site,5,3.8
E13188,Eric Johnson,Male,27,2023-06-03,Active,Operations Technician,6,G9,Operations,Operations,Operations,Dammam,E12563,Phillip Jimenez,80700.0,P10867,Filled,Full-Time,On-site,3,3.3
E11955,Tony Wagner,Male,24,2025-10-12,Active,Maintenance Technician,6,G5,Operations,Operations,Operations,Jubail,E12563,Phillip Jimenez,78900.0,P10868,Filled,Full-Time,On-site,2,1.0
E13424,Vincent Lewis,Male,25,2022-09-25,On Leave,Operations Technician,6,G9,Operations,Operations,Operations,Dammam,E12563,Phillip Jimenez,74200.0,P10869,Filled,Full-Time,On-site,3,4.0
E13102,Harry Williams,Male,35,2017-01-12,Active,Operations Technician,6,G8,Operations,Operations,Operations,Dammam,E12563,Phillip Jimenez,78900.0,P10870,Filled,Full-Time,On-site,4,9.7
E10129,Johnny Khan,Male,36,2024-04-08,Active,Senior Operations Technician,6,G8,Operations,Operations,Operations,Dammam,E12563,Phillip Jimenez,105200.0,P10871,Filled,Full-Time,On-site,3,2.5
E13837,Martha Ruiz,Female,21,2026-08-20,On Leave,Operations Technician,6,G5,Operations,Operations,Operations,Dammam,E12563,Phillip Jimenez,77200.0,P10872,Filled,Contractor,On-site,3,0.1
E10989,Joshua Boone,Male,21,2026-08-20,Active,Senior Operations Technician,6,G6,Operations,Operations,Operations,Dammam,E12563,Phillip Jimenez,106500.0,P10873,Filled,Full-Time,On-site,4,0.1
E10062,Jessica Khan,Female,48,2009-01-22,Active,Senior Operations Manager,3,G15,Operations,Operations,Operations,Dammam,E10971,Zachary Hill,306700.0,P10874,Filled,Full-Time,Hybrid,4,17.7
E13115,Monica Gallagher,Female,35,2012-09-25,Active,Operations Manager,4,G12,Operations,Operations,Operations,Dammam,E10062,Jessica Khan,235200.0,P10875,Filled,Full-Time,On-site,3,14.0
E11741,Jacob Morales,Male,38,2020-02-03,Active,Operations Supervisor,5,G11,Operations,Operations,Operations,Dammam,E13115,Monica Gallagher,160800.0,P10876,Filled,Full-Time,On-site,3,6.6
E10390,Kelly Lee,Male,22,2025-09-25,Active,Maintenance Technician,6,G7,Operations,Operations,Operations,Dammam,E11741,Jacob Morales,80400.0,P10877,Filled,Full-Time,On-site,4,1.0
E12924,Juan Jones,Male,27,2021-05-28,Active,Operations Associate,6,G6,Operations,Operations,Operations,Dammam,E11741,Jacob Morales,89600.0,P10878,Filled,Full-Time,On-site,3,5.3
E12013,Jonathan Duran,Male,26,2023-09-14,Active,Maintenance Technician,6,G8,Operations,Operations,Operations,Dammam,E11741,Jacob Morales,82000.0,P10879,Filled,Full-Time,On-site,5,3.0
E13309,Douglas Hays,Male,32,2021-12-21,Active,Maintenance Technician,6,G6,Operations,Operations,Operations,Dammam,E11741,Jacob Morales,76000.0,P10880,Filled,Full-Time,On-site,4,4.8
E12117,Melanie Wilson,Female,31,2022-05-10,Active,Maintenance Technician,6,G5,Operations,Operations,Operations,Dammam,E11741,Jacob Morales,81900.0,P10881,Filled,Full-Time,On-site,4,4.4
E13008,William Long,Male,21,2026-08-20,Active,Senior Operations Technician,6,G6,Operations,Operations,Operations,Dammam,E11741,Jacob Morales,104000.0,P10882,Filled,Full-Time,On-site,3,0.1
E10689,Robert Morgan,Male,40,2019-09-21,Active,Machine Operator,6,G7,Operations,Operations,Operations,Dammam,E11741,Jacob Morales,94600.0,P10883,Filled,Full-Time,On-site,4,7.0
E14487,Todd Fischer,Male,24,2023-09-26,Active,Machine Operator,6,G5,Operations,Operations,Operations,Dammam,E11741,Jacob Morales,97300.0,P10884,Filled,Full-Time,On-site,4,3.0
E13743,Curtis Hicks,Male,28,2019-09-26,Active,Operations Technician,6,G7,Operations,Operations,Operations,Dammam,E11741,Jacob Morales,91400.0,P10885,Filled,Full-Time,On-site,3,7.0
E12404,Kathryn Williams,Female,32,2019-03-04,Active,Operations Supervisor,5,G10,Operations,Operations,Operations,Dammam,E13115,Monica Gallagher,146600.0,P10886,Filled,Full-Time,Hybrid,3,7.6
E11316,Chad Cook,Male,21,2026-08-20,Active,Operations Technician,6,G9,Operations,Operations,Operations,Dammam,E12404,Kathryn Williams,91300.0,P10887,Filled,Full-Time,On-site,3,0.1
E14108,John Bryant,Male,21,2026-08-20,Active,Senior Operations Technician,6,G7,Operations,Operations,Operations,Dammam,E12404,Kathryn Williams,97400.0,P10888,Filled,Full-Time,On-site,4,0.1
E13978,Larry Robertson,Male,28,2020-02-23,Active,Maintenance Technician,6,G8,Operations,Operations,Operations,Dammam,E12404,Kathryn Williams,106000.0,P10889,Filled,Full-Time,Hybrid,3,6.6
E11641,Garrett Austin,Male,39,2021-02-21,Active,Maintenance Technician,6,G7,Operations,Operations,Operations,Dammam,E12404,Kathryn Williams,90300.0,P10890,Filled,Full-Time,On-site,2,5.6
E12242,Carla Ewing,Female,33,2021-02-25,Active,Operations Associate,6,G9,Operations,Operations,Operations,Dammam,E12404,Kathryn Williams,79300.0,P10891,Filled,Full-Time,On-site,3,5.6
E14675,Nancy Evans,Female,25,2023-05-02,Active,Machine Operator,6,G7,Operations,Operations,Operations,Dammam,E12404,Kathryn Williams,82500.0,P10892,Filled,Full-Time,On-site,4,3.4
E10227,George Clayton,Male,26,2022-06-29,Active,Senior Operations Technician,6,G7,Operations,Operations,Operations,Dammam,E12404,Kathryn Williams,127300.0,P10893,Filled,Contractor,On-site,3,4.2
E13497,Joseph Erickson,Male,21,2026-08-20,On Leave,Machine Operator,6,G8,Operations,Operations,Operations,Dammam,E12404,Kathryn Williams,106100.0,P10894,Filled,Full-Time,Hybrid,3,0.1
E13726,Elijah Cabrera,Male,25,2022-09-25,Active,Operations Supervisor,5,G10,Operations,Operations,Operations,Dammam,E13115,Monica Gallagher,150400.0,P10895,Filled,Full-Time,On-site,3,4.0
E10485,Isabella Nunez,Female,37,2018-10-02,Active,Operations Technician,6,G6,Operations,Operations,Operations,Jubail,E13726,Elijah Cabrera,96800.0,P10896,Filled,Full-Time,On-site,3,8.0
E13084,William Silva,Male,28,2025-09-27,Active,Maintenance Technician,6,G6,Operations,Operations,Operations,Jubail,E13726,Elijah Cabrera,88800.0,P10897,Filled,Full-Time,On-site,3,1.0
E13738,Rebecca Swanson,Female,25,2023-06-13,Active,Maintenance Technician,6,G8,Operations,Operations,Operations,Dammam,E13726,Elijah Cabrera,101800.0,P10898,Filled,Full-Time,On-site,4,3.3
E12402,Michael Johnson,Male,33,2019-05-01,Active,Machine Operator,6,G8,Operations,Operations,Operations,Dammam,E13726,Elijah Cabrera,97900.0,P10899,Filled,Full-Time,Hybrid,2,7.4
E10113,John Coffey,Male,36,2021-10-10,Active,Operations Associate,6,G9,Operations,Operations,Operations,Dammam,E13726,Elijah Cabrera,105700.0,P10900,Filled,Full-Time,On-site,4,5.0
E10098,Richard Parsons,Male,27,2020-09-25,Active,Operations Technician,6,G5,Operations,Operations,Operations,Dammam,E13726,Elijah Cabrera,90200.0,P10901,Filled,Full-Time,On-site,3,6.0
E12523,Laura Griffith,Female,32,2022-03-20,Active,Maintenance Technician,6,G8,Operations,Operations,Operations,Dammam,E13726,Elijah Cabrera,62900.0,P10902,Filled,Full-Time,On-site,3,4.5
E13075,Lauren Jackson,Female,29,2018-09-25,Active,Senior Operations Technician,6,G6,Operations,Operations,Operations,Dammam,E13726,Elijah Cabrera,129900.0,P10903,Filled,Part-Time,On-site,3,8.0
E12011,Mark Harvey,Male,49,2009-12-30,Active,Operations Manager,4,G12,Operations,Operations,Operations,Dammam,E10062,Jessica Khan,190700.0,P10904,Filled,Full-Time,On-site,3,16.7
E13817,Sarah Hernandez,Female,34,2023-01-21,Active,Operations Supervisor,5,G11,Operations,Operations,Operations,Dammam,E12011,Mark Harvey,131800.0,P10905,Filled,Full-Time,On-site,3,3.7
E13787,Michael Johnson,Male,35,2019-08-25,Active,Operations Associate,6,G6,Operations,Operations,Operations,Dammam,E13817,Sarah Hernandez,130200.0,P10906,Filled,Full-Time,On-site,3,7.1
E11190,Travis Rodriguez,Male,29,2023-12-14,Active,Operations Technician,6,G6,Operations,Operations,Operations,Dammam,E13817,Sarah Hernandez,86600.0,P10907,Filled,Full-Time,On-site,3,2.8
E11888,Albert Edwards,Male,32,2020-04-19,Active,Machine Operator,6,G6,Operations,Operations,Operations,Dammam,E13817,Sarah Hernandez,89000.0,P10908,Filled,Full-Time,On-site,3,6.4
E14689,Christian Vaughn,Male,25,2022-09-25,Active,Maintenance Technician,6,G9,Operations,Operations,Operations,Dammam,E13817,Sarah Hernandez,91200.0,P10909,Filled,Full-Time,On-site,3,4.0
E10809,Jennifer Hampton,Female,39,2021-03-11,Active,Operations Associate,6,G6,Operations,Operations,Operations,Dammam,E13817,Sarah Hernandez,103000.0,P10910,Filled,Full-Time,On-site,5,5.5
E11126,Tami Salas,Female,24,2023-09-26,Active,Senior Operations Technician,6,G7,Operations,Operations,Operations,Dammam,E13817,Sarah Hernandez,110500.0,P10911,Filled,Contractor,On-site,3,3.0
E13007,Nancy Brown,Female,30,2017-12-23,Active,Operations Technician,6,G9,Operations,Operations,Operations,Dammam,E13817,Sarah Hernandez,82600.0,P10912,Filled,Full-Time,On-site,4,8.8
E14956,Charles Clark,Male,31,2023-10-05,On Leave,Operations Associate,6,G5,Operations,Operations,Operations,Dammam,E13817,Sarah Hernandez,105000.0,P10913,Filled,Full-Time,On-site,4,3.0
E14491,Frederick Bates,Male,37,2014-08-28,Active,Operations Supervisor,5,G11,Operations,Operations,Operations,Dammam,E12011,Mark Harvey,165800.0,P10914,Filled,Full-Time,Hybrid,3,12.1
E13899,Joseph Edwards,Male,32,2015-09-26,Active,Maintenance Technician,6,G7,Operations,Operations,Operations,Dammam,E14491,Frederick Bates,87200.0,P10915,Filled,Full-Time,On-site,3,11.0
,,,,,,Operations Technician,6,G7,Operations,Operations,Operations,Dammam,E14491,Frederick Bates,,P10916,Vacant,,,,
E14351,Christopher Barr,Male,25,2023-09-25,Active,Machine Operator,6,G5,Operations,Operations,Operations,Jubail,E14491,Frederick Bates,86300.0,P10917,Filled,Full-Time,On-site,4,3.0
E13740,Gloria Gomez,Female,27,2022-05-17,Active,Operations Associate,6,G9,Operations,Operations,Operations,Jubail,E14491,Frederick Bates,102300.0,P10918,Filled,Full-Time,On-site,2,4.4
E10906,Patricia Le,Female,30,2020-05-14,Active,Maintenance Technician,6,G7,Operations,Operations,Operations,Dammam,E14491,Frederick Bates,83200.0,P10919,Filled,Full-Time,On-site,4,6.4
E11140,Mason Steele,Male,37,2010-09-25,Active,Senior Operations Technician,6,G8,Operations,Operations,Operations,Dammam,E14491,Frederick Bates,126000.0,P10920,Filled,Full-Time,On-site,3,16.0
E14697,Leonard Lee,Male,41,2019-01-26,Active,Machine Operator,6,G7,Operations,Operations,Operations,Dammam,E14491,Frederick Bates,90800.0,P10921,Filled,Full-Time,Hybrid,2,7.7
E14589,David Grant,Male,33,2026-01-14,Active,Senior Operations Technician,6,G9,Operations,Operations,Operations,Dammam,E14491,Frederick Bates,89200.0,P10922,Filled,Full-Time,On-site,2,0.7
E14409,Danny Dudley,Male,34,2024-01-05,Active,Operations Supervisor,5,G10,Operations,Operations,Operations,Dammam,E12011,Mark Harvey,149600.0,P10923,Filled,Full-Time,On-site,3,2.7
E11025,Edward Roberts,Male,32,2022-04-09,Active,Operations Technician,6,G8,Operations,Operations,Operations,Dammam,E14409,Danny Dudley,115900.0,P10924,Filled,Part-Time,On-site,1,4.5
E13610,Christine Bush,Female,28,2019-09-26,Active,Machine Operator,6,G7,Operations,Operations,Operations,Dammam,E14409,Danny Dudley,97700.0,P10925,Filled,Full-Time,On-site,5,7.0
E13091,Emily Bailey,Female,33,2020-09-23,Active,Machine Operator,6,G6,Operations,Operations,Operations,Dammam,E14409,Danny Dudley,120900.0,P10926,Filled,Contractor,On-site,2,6.0
E13692,Timothy Pope,Male,25,2022-09-25,Active,Operations Associate,6,G6,Operations,Operations,Operations,Dammam,E14409,Danny Dudley,90200.0,P10927,Filled,Full-Time,On-site,3,4.0
E11080,Donald Martinez,Male,32,2022-09-26,Active,Operations Associate,6,G6,Operations,Operations,Operations,Dammam,E14409,Danny Dudley,93000.0,P10928,Filled,Full-Time,On-site,3,4.0
E13623,Megan James,Female,34,2022-04-02,Active,Senior Operations Technician,6,G6,Operations,Operations,Operations,Dammam,E14409,Danny Dudley,126700.0,P10929,Filled,Full-Time,On-site,3,4.5
,,,,,,Operations Technician,6,G5,Operations,Operations,Operations,Dammam,E14409,Danny Dudley,,P10930,Vacant,,,,
E10818,William Cardenas,Male,32,2024-07-12,Active,Maintenance Technician,6,G9,Operations,Operations,Operations,Dammam,E14409,Danny Dudley,73200.0,P10931,Filled,Full-Time,On-site,2,2.2
E14953,Tina Ballard,Female,36,2021-10-27,Active,Operations Associate,6,G6,Operations,Operations,Operations,Dammam,E14409,Danny Dudley,105100.0,P10932,Filled,Full-Time,On-site,3,4.9
E12550,Dylan Roberts,Male,21,2026-08-20,Active,Senior Operations Technician,6,G7,Operations,Operations,Operations,Dammam,E14409,Danny Dudley,94700.0,P10933,Filled,Full-Time,On-site,4,0.1
E12911,Miguel Reed,Male,41,2020-05-14,Active,Operations Manager,4,G12,Operations,Operations,Operations,Dammam,E10062,Jessica Khan,223900.0,P10934,Filled,Full-Time,On-site,3,6.4
E14125,Jessica Scott,Female,32,2020-08-24,Active,Operations Supervisor,5,G11,Operations,Operations,Operations,Dammam,E12911,Miguel Reed,127900.0,P10935,Filled,Full-Time,On-site,3,6.1
E14275,John Harris,Male,34,2023-06-21,Active,Operations Technician,6,G5,Operations,Operations,Operations,Dammam,E14125,Jessica Scott,106600.0,P10936,Filled,Full-Time,On-site,3,3.3
E12104,Joshua Fitzpatrick,Male,35,2020-05-15,Active,Maintenance Technician,6,G6,Operations,Operations,Operations,Dammam,E14125,Jessica Scott,91600.0,P10937,Filled,Contractor,On-site,3,6.4
E11839,Michael Taylor,Male,26,2026-01-03,Active,Operations Associate,6,G5,Operations,Operations,Operations,Dammam,E14125,Jessica Scott,87800.0,P10938,Filled,Full-Time,On-site,2,0.7
E13700,Luis Matthews,Male,29,2018-09-25,Active,Operations Associate,6,G5,Operations,Operations,Operations,Jubail,E14125,Jessica Scott,86900.0,P10939,Filled,Full-Time,On-site,3,8.0
E12802,David Santiago,Male,28,2022-05-04,Active,Maintenance Technician,6,G5,Operations,Operations,Operations,Dammam,E14125,Jessica Scott,83300.0,P10940,Filled,Full-Time,On-site,3,4.4
E13563,Kiara Little,Female,29,2022-12-19,Active,Operations Associate,6,G7,Operations,Operations,Operations,Jubail,E14125,Jessica Scott,98500.0,P10941,Filled,Contractor,On-site,3,3.8
E12542,Anthony Gutierrez,Male,27,2022-11-02,Active,Operations Associate,6,G7,Operations,Operations,Operations,Dammam,E14125,Jessica Scott,95400.0,P10942,Filled,Full-Time,On-site,4,3.9
E13002,Michelle Garcia,Female,33,2025-07-18,Active,Operations Technician,6,G8,Operations,Operations,Operations,Dammam,E14125,Jessica Scott,91600.0,P10943,Filled,Full-Time,On-site,5,1.2
E12930,Randy Smith,Male,44,2023-02-20,Active,Operations Associate,6,G5,Operations,Operations,Operations,Dammam,E14125,Jessica Scott,88600.0,P10944,Filled,Full-Time,On-site,3,3.6
E12228,Krista Hickman,Female,29,2021-06-28,Active,Senior Operations Technician,6,G8,Operations,Operations,Operations,Dammam,E14125,Jessica Scott,109900.0,P10945,Filled,Part-Time,On-site,4,5.2
E11833,Jason Donovan,Male,21,2026-08-20,Active,Senior Operations Technician,6,G10,Operations,Operations,Operations,Dammam,E14125,Jessica Scott,108200.0,P10946,Filled,Contractor,On-site,4,0.1
E13947,Sherry Woods,Female,31,2020-09-21,Active,Operations Supervisor,5,G10,Operations,Operations,Operations,Dammam,E12911,Miguel Reed,149800.0,P10947,Filled,Full-Time,On-site,4,6.0
E14857,Curtis Maynard,Male,29,2025-05-25,Active,Operations Technician,6,G7,Operations,Operations,Operations,Dammam,E13947,Sherry Woods,90600.0,P10948,Filled,Full-Time,On-site,3,1.3
E11795,Erica Brewer,Female,24,2023-09-26,Active,Operations Technician,6,G9,Operations,Operations,Operations,Dammam,E13947,Sherry Woods,80900.0,P10949,Filled,Full-Time,On-site,4,3.0
E13009,Terry Davis,Male,26,2023-07-12,Active,Operations Technician,6,G7,Operations,Operations,Operations,Dammam,E13947,Sherry Woods,83500.0,P10950,Filled,Full-Time,On-site,2,3.2
E12518,Laura Nichols,Female,35,2013-07-11,Active,Maintenance Technician,6,G5,Operations,Operations,Operations,Dammam,E13947,Sherry Woods,105600.0,P10951,Filled,Full-Time,On-site,3,13.2
,,,,,,Operations Technician,6,G9,Operations,Operations,Operations,Dammam,E13947,Sherry Woods,,P10952,Vacant,,,,
E14532,Nathaniel Zuniga,Male,28,2019-09-26,Active,Operations Associate,6,G8,Operations,Operations,Operations,Dammam,E13947,Sherry Woods,95800.0,P10953,Filled,Full-Time,On-site,3,7.0
E11801,Thomas Thompson,Male,34,2026-02-15,Active,Operations Technician,6,G7,Operations,Operations,Operations,Dammam,E13947,Sherry Woods,90400.0,P10954,Filled,Contractor,On-site,2,0.6
E11157,Stephen Thompson,Male,39,2024-11-06,Active,Maintenance Technician,6,G6,Operations,Operations,Operations,Dammam,E13947,Sherry Woods,85300.0,P10955,Filled,Full-Time,On-site,1,1.9
E14894,Thomas Osborn,Male,36,2018-08-27,Active,Maintenance Technician,6,G7,Operations,Operations,Operations,Dammam,E13947,Sherry Woods,101200.0,P10956,Filled,Full-Time,On-site,2,8.1
E11972,James Simpson,Male,38,2020-07-06,Active,Operations Supervisor,5,G10,Operations,Operations,Operations,Dammam,E12911,Miguel Reed,180500.0,P10957,Filled,Full-Time,On-site,2,6.2
E12314,Taylor Hayden,Female,21,2026-08-20,Active,Maintenance Technician,6,G5,Operations,Operations,Operations,Dammam,E11972,James Simpson,71600.0,P10958,Filled,Full-Time,On-site,3,0.1
E14486,Tammy Mcdowell,Female,27,2024-12-30,Active,Machine Operator,6,G5,Operations,Operations,Operations,Dammam,E11972,James Simpson,81800.0,P10959,Filled,Full-Time,On-site,4,1.7
E12469,Alexandra Bradley,Female,33,2022-06-26,On Leave,Machine Operator,6,G8,Operations,Operations,Operations,Dammam,E11972,James Simpson,92800.0,P10960,Filled,Full-Time,On-site,3,4.2
E10751,Brian Bird,Male,33,2024-08-25,Active,Operations Associate,6,G9,Operations,Operations,Operations,Dammam,E11972,James Simpson,88100.0,P10961,Filled,Full-Time,On-site,3,2.1
E11524,Dominique Hays,Female,30,2023-12-02,Active,Operations Associate,6,G6,Operations,Operations,Operations,Dammam,E11972,James Simpson,83200.0,P10962,Filled,Full-Time,On-site,3,2.8
E11000,Kimberly Snyder,Female,30,2017-09-25,Active,Senior Operations Technician,6,G6,Operations,Operations,Operations,Dammam,E11972,James Simpson,106900.0,P10963,Filled,Full-Time,On-site,4,9.0
E10458,Todd Rosales,Male,41,2014-12-11,On Leave,Maintenance Technician,6,G8,Operations,Operations,Operations,Dammam,E11972,James Simpson,101800.0,P10964,Filled,Full-Time,On-site,5,11.8
E12571,Julie Lee,Female,26,2021-09-25,Active,Senior Operations Technician,6,G8,Operations,Operations,Operations,Dammam,E11972,James Simpson,112500.0,P10965,Filled,Full-Time,On-site,4,5.0
E12794,Brian Martin,Male,29,2020-07-19,Active,Machine Operator,6,G5,Operations,Operations,Operations,Dammam,E11972,James Simpson,91500.0,P10966,Filled,Full-Time,On-site,3,6.2
E14531,Jimmy Scott,Male,35,2024-06-28,Active,Operations Technician,6,G5,Operations,Operations,Operations,Dammam,E11972,James Simpson,105600.0,P10967,Filled,Full-Time,On-site,3,2.2
E10637,Cody Doyle,Male,54,2004-10-25,Active,"Director, Plant Operations",2,G16,Operations,Operations,Operations,Dammam,E10205,Jessica Ortega,414500.0,P10968,Filled,Full-Time,On-site,3,21.9
E12961,Richard Bradley,Male,33,2014-09-25,Active,Plant Manager,4,G13,Operations,Operations,Operations,Dammam,E10637,Cody Doyle,224600.0,P10969,Filled,Full-Time,On-site,3,12.0
E13541,Peter Thompson,Male,32,2023-02-04,Active,Shift Supervisor,5,G10,Operations,Operations,Operations,Dammam,E12961,Richard Bradley,129200.0,P10970,Filled,Full-Time,On-site,4,3.6
E13909,Scott Prince,Male,30,2023-05-02,Active,Maintenance Technician,6,G7,Operations,Operations,Operations,Dammam,E13541,Peter Thompson,97200.0,P10971,Filled,Full-Time,On-site,4,3.4
E14647,Samantha Robertson,Female,34,2013-09-25,Active,Machine Operator,6,G7,Operations,Operations,Operations,Dammam,E13541,Peter Thompson,107100.0,P10972,Filled,Full-Time,On-site,3,13.0
E10226,Angie Caldwell,Female,41,2023-02-12,Active,Operations Associate,6,G6,Operations,Operations,Operations,Dammam,E13541,Peter Thompson,114600.0,P10973,Filled,Full-Time,On-site,3,3.6
E14779,Cathy Taylor,Female,24,2025-11-17,Active,Operations Associate,6,G6,Operations,Operations,Operations,Dammam,E13541,Peter Thompson,94700.0,P10974,Filled,Full-Time,On-site,3,0.9
E12051,Franklin Wright,Male,24,2023-09-26,Active,Maintenance Technician,6,G9,Operations,Operations,Operations,Dammam,E13541,Peter Thompson,89700.0,P10975,Filled,Full-Time,On-site,2,3.0
E13326,Debbie Young,Female,26,2023-06-14,On Leave,Operations Technician,6,G6,Operations,Operations,Operations,Dammam,E13541,Peter Thompson,111200.0,P10976,Filled,Full-Time,On-site,3,3.3
E10572,Nicole Finley,Female,22,2025-09-25,Active,Machine Operator,6,G8,Operations,Operations,Operations,Dammam,E13541,Peter Thompson,98600.0,P10977,Filled,Full-Time,On-site,2,1.0
E11489,Elizabeth Sharp,Female,28,2022-10-22,Active,Machine Operator,6,G9,Operations,Operations,Operations,Dammam,E13541,Peter Thompson,97800.0,P10978,Filled,Full-Time,On-site,4,3.9
E11428,Alexandra Valdez,Female,27,2022-11-12,Active,Machine Operator,6,G8,Operations,Operations,Operations,Dammam,E13541,Peter Thompson,101600.0,P10979,Filled,Full-Time,On-site,4,3.9
E12786,Melissa Brown,Female,32,2020-03-07,Active,Operations Technician,6,G6,Operations,Operations,Operations,Dammam,E13541,Peter Thompson,100900.0,P10980,Filled,Contractor,On-site,2,6.6
E14926,Bryan Parker,Male,24,2023-09-26,Active,Maintenance Technician,6,G9,Operations,Operations,Operations,Dammam,E13541,Peter Thompson,87300.0,P10981,Filled,Contractor,On-site,3,3.0
E14282,Jennifer Shaw,Female,30,2017-09-25,Active,Operations Technician,6,G6,Operations,Operations,Operations,Jubail,E13541,Peter Thompson,102000.0,P10982,Filled,Full-Time,On-site,4,9.0
E14458,Steven Padilla,Male,32,2016-03-18,Active,Operations Associate,6,G9,Operations,Operations,Operations,Dammam,E13541,Peter Thompson,90400.0,P10983,Filled,Full-Time,On-site,4,10.5
,,,,,,Maintenance Technician,6,G9,Operations,Operations,Operations,Dammam,E13541,Peter Thompson,,P10984,Vacant,,,,
E10627,Eric Wilson,Male,38,2018-12-17,Active,Shift Supervisor,5,G10,Operations,Operations,Operations,Dammam,E12961,Richard Bradley,145700.0,P10985,Filled,Full-Time,On-site,5,7.8
E14474,Sydney Phillips,Female,26,2021-09-25,Active,Operations Technician,6,G5,Operations,Operations,Operations,Dammam,E10627,Eric Wilson,82200.0,P10986,Filled,Full-Time,On-site,3,5.0
E10933,Lisa Robinson,Female,32,2024-06-22,Active,Operations Associate,6,G9,Operations,Operations,Operations,Dammam,E10627,Eric Wilson,90500.0,P10987,Filled,Full-Time,On-site,3,2.3
E14470,Casey Hernandez,Male,34,2021-02-03,Active,Operations Associate,6,G8,Operations,Operations,Operations,Dammam,E10627,Eric Wilson,91600.0,P10988,Filled,Full-Time,On-site,3,5.6
E12289,Nicole Obrien,Female,33,2014-09-25,Active,Senior Operations Technician,6,G10,Operations,Operations,Operations,Dammam,E10627,Eric Wilson,150400.0,P10989,Filled,Full-Time,On-site,3,12.0
E13365,Jennifer Dunn,Female,24,2023-09-26,Active,Senior Operations Technician,6,G9,Operations,Operations,Operations,Dammam,E10627,Eric Wilson,127700.0,P10990,Filled,Full-Time,On-site,5,3.0
E10924,Kaitlin Medina,Female,24,2023-09-26,Active,Machine Operator,6,G5,Operations,Operations,Operations,Dammam,E10627,Eric Wilson,102400.0,P10991,Filled,Full-Time,On-site,3,3.0
E11630,Mary Robinson,Female,26,2021-09-25,Active,Operations Technician,6,G5,Operations,Operations,Operations,Dammam,E10627,Eric Wilson,83800.0,P10992,Filled,Full-Time,On-site,3,5.0
E10111,David Fischer,Male,33,2023-09-30,Active,Machine Operator,6,G8,Operations,Operations,Operations,Dammam,E10627,Eric Wilson,84600.0,P10993,Filled,Part-Time,On-site,5,3.0
E10508,Shelley Miller,Female,33,2016-01-03,Active,Operations Associate,6,G7,Operations,Operations,Operations,Jubail,E10627,Eric Wilson,78400.0,P10994,Filled,Full-Time,On-site,3,10.7
E12613,Jillian Padilla,Female,33,2023-03-03,Active,Machine Operator,6,G7,Operations,Operations,Operations,Dammam,E10627,Eric Wilson,93500.0,P10995,Filled,Full-Time,On-site,3,3.6
E11148,Angela Elliott,Female,28,2020-04-11,Active,Operations Technician,6,G6,Operations,Operations,Operations,Dammam,E10627,Eric Wilson,81700.0,P10996,Filled,Full-Time,On-site,3,6.5
E10825,Antonio Kelley,Male,35,2021-09-12,Active,Plant Manager,4,G12,Operations,Operations,Operations,Dammam,E10637,Cody Doyle,182800.0,P10997,Filled,Full-Time,On-site,2,5.0
E10244,Jonathan Armstrong,Male,43,2021-12-23,Active,Shift Supervisor,5,G10,Operations,Operations,Operations,Dammam,E10825,Antonio Kelley,131300.0,P10998,Filled,Full-Time,On-site,4,4.8
E13784,Chris Murphy,Male,27,2022-10-08,On Leave,Operations Technician,6,G5,Operations,Operations,Operations,Dammam,E10244,Jonathan Armstrong,100000.0,P10999,Filled,Full-Time,On-site,3,4.0
E10869,Joseph Wilson,Male,32,2022-06-03,Active,Maintenance Technician,6,G6,Operations,Operations,Operations,Dammam,E10244,Jonathan Armstrong,92000.0,P11000,Filled,Full-Time,On-site,1,4.3
E14422,Daniel Aguilar,Male,21,2026-08-20,Active,Senior Operations Technician,6,G7,Operations,Operations,Operations,Dammam,E10244,Jonathan Armstrong,99400.0,P11001,Filled,Contractor,On-site,4,0.1
E11424,Brandon Dixon,Male,35,2018-03-15,Active,Maintenance Technician,6,G6,Operations,Operations,Operations,Dammam,E10244,Jonathan Armstrong,99300.0,P11002,Filled,Full-Time,On-site,3,8.5
E12857,Robert Chavez,Male,22,2025-09-25,Active,Maintenance Technician,6,G7,Operations,Operations,Operations,Dammam,E10244,Jonathan Armstrong,89200.0,P11003,Filled,Full-Time,On-site,2,1.0
E14819,Kayla Bryant,Female,40,2025-05-01,Active,Operations Technician,6,G6,Operations,Operations,Operations,Dammam,E10244,Jonathan Armstrong,82700.0,P11004,Filled,Contractor,On-site,3,1.4
E14948,Amy Ford,Female,38,2012-12-27,Active,Operations Technician,6,G7,Operations,Operations,Operations,Dammam,E10244,Jonathan Armstrong,124600.0,P11005,Filled,Full-Time,On-site,3,13.7
E10476,Robert Cummings,Male,39,2024-03-29,Active,Machine Operator,6,G7,Operations,Operations,Operations,Dammam,E10244,Jonathan Armstrong,88600.0,P11006,Filled,Full-Time,On-site,3,2.5
E14482,James Velasquez,Male,32,2024-10-17,Active,Operations Associate,6,G6,Operations,Operations,Operations,Dammam,E10244,Jonathan Armstrong,85200.0,P11007,Filled,Full-Time,On-site,2,1.9
E11798,Patrick Lane,Male,30,2017-09-25,On Leave,Machine Operator,6,G9,Operations,Operations,Operations,Dammam,E10244,Jonathan Armstrong,86300.0,P11008,Filled,Full-Time,On-site,1,9.0
E11626,Andrew Cooper,Male,26,2023-04-24,Active,Operations Technician,6,G7,Operations,Operations,Operations,Dammam,E10244,Jonathan Armstrong,86000.0,P11009,Filled,Contractor,On-site,3,3.4
E11750,Amy Mcknight,Female,22,2025-09-25,On Leave,Machine Operator,6,G8,Operations,Operations,Operations,Dammam,E10244,Jonathan Armstrong,86200.0,P11010,Filled,Full-Time,On-site,3,1.0
E10712,Taylor Jones,Female,30,2019-06-13,Active,Machine Operator,6,G5,Operations,Operations,Operations,Dammam,E10244,Jonathan Armstrong,95600.0,P11011,Filled,Full-Time,On-site,2,7.3
E14986,Taylor Johnson,Female,33,2020-04-05,Active,Operations Associate,6,G6,Operations,Operations,Operations,Dammam,E10244,Jonathan Armstrong,82400.0,P11012,Filled,Full-Time,On-site,3,6.5
E12034,Jason Mack,Male,31,2017-04-27,Active,Senior Operations Technician,6,G6,Operations,Operations,Operations,Dammam,E10244,Jonathan Armstrong,102500.0,P11013,Filled,Contractor,On-site,3,9.4
E14380,Ralph Good,Male,25,2023-02-22,Active,Operations Technician,6,G5,Operations,Operations,Operations,Dammam,E10244,Jonathan Armstrong,75200.0,P11014,Filled,Full-Time,On-site,2,3.6
E10606,Matthew Fisher,Male,31,2018-02-23,Active,Senior Operations Technician,6,G7,Operations,Operations,Operations,Dammam,E10244,Jonathan Armstrong,121200.0,P11015,Filled,Full-Time,On-site,3,8.6
E14536,Wendy Reyes,Female,26,2021-09-25,Active,Maintenance Technician,6,G8,Operations,Operations,Operations,Dammam,E10244,Jonathan Armstrong,103400.0,P11016,Filled,Full-Time,On-site,4,5.0
E14705,Sheila Knox,Female,38,2018-07-14,Active,Senior Operations Technician,6,G6,Operations,Operations,Operations,Dammam,E10244,Jonathan Armstrong,111200.0,P11017,Filled,Full-Time,On-site,3,8.2
E12246,James Vega,Male,32,2021-12-14,Active,Machine Operator,6,G6,Operations,Operations,Operations,Dammam,E10244,Jonathan Armstrong,85200.0,P11018,Filled,Full-Time,On-site,3,4.8
E13524,Matthew Ryan,Male,38,2016-11-05,Active,Shift Supervisor,5,G10,Operations,Operations,Operations,Dammam,E10825,Antonio Kelley,153500.0,P11019,Filled,Full-Time,On-site,2,9.9
E12268,Martha Bailey,Female,30,2022-09-06,Active,Senior Operations Technician,6,G6,Operations,Operations,Operations,Dammam,E13524,Matthew Ryan,134900.0,P11020,Filled,Full-Time,On-site,3,4.1
E13520,Christopher Medina,Male,34,2016-03-07,Active,Senior Operations Technician,6,G7,Operations,Operations,Operations,Dammam,E13524,Matthew Ryan,102000.0,P11021,Filled,Contractor,On-site,2,10.6
E13372,Kendra Luna,Female,30,2025-08-28,Active,Operations Associate,6,G7,Operations,Operations,Operations,Dammam,E13524,Matthew Ryan,83400.0,P11022,Filled,Contractor,On-site,5,1.1
E13038,Daniel Smith,Male,24,2023-09-26,Active,Operations Associate,6,G8,Operations,Operations,Operations,Jubail,E13524,Matthew Ryan,81700.0,P11023,Filled,Full-Time,On-site,4,3.0
E14574,Alexander Evans,Male,27,2020-09-25,Active,Machine Operator,6,G8,Operations,Operations,Operations,Dammam,E13524,Matthew Ryan,100300.0,P11024,Filled,Full-Time,On-site,5,6.0
E11760,Michael Stephens,Male,32,2016-12-07,Active,Operations Associate,6,G9,Operations,Operations,Operations,Dammam,E13524,Matthew Ryan,93500.0,P11025,Filled,Full-Time,On-site,3,9.8
E11555,Kim Morrow,Female,25,2022-09-25,Active,Maintenance Technician,6,G6,Operations,Operations,Operations,Dammam,E13524,Matthew Ryan,87000.0,P11026,Filled,Full-Time,On-site,3,4.0
E12738,David Reed,Male,33,2015-06-29,Active,Senior Operations Technician,6,G7,Operations,Operations,Operations,Dammam,E13524,Matthew Ryan,105100.0,P11027,Filled,Full-Time,On-site,1,11.2
E11792,Donald Pineda,Male,33,2019-04-19,Active,Operations Associate,6,G9,Operations,Operations,Operations,Dammam,E13524,Matthew Ryan,81300.0,P11028,Filled,Full-Time,On-site,3,7.4
E11385,Neil Rodriguez,Male,31,2022-08-11,On Leave,Operations Technician,6,G5,Operations,Operations,Operations,Jubail,E13524,Matthew Ryan,117800.0,P11029,Filled,Full-Time,On-site,3,4.1
E14831,Rhonda Barnes,Female,29,2025-05-21,On Leave,Maintenance Technician,6,G5,Operations,Operations,Operations,Dammam,E13524,Matthew Ryan,91700.0,P11030,Filled,Full-Time,On-site,3,1.3
E14104,Ralph Stephenson,Male,31,2020-09-07,Active,Operations Associate,6,G6,Operations,Operations,Operations,Dammam,E13524,Matthew Ryan,105900.0,P11031,Filled,Contractor,On-site,3,6.0
E13052,Alan Harris,Male,27,2020-09-25,Active,Plant Manager,4,G12,Operations,Operations,Operations,Dammam,E10637,Cody Doyle,195300.0,P11032,Filled,Full-Time,On-site,3,6.0
E11480,Ashlee Johnson,Female,36,2019-02-19,Active,Shift Supervisor,5,G10,Operations,Operations,Operations,Dammam,E13052,Alan Harris,137600.0,P11033,Filled,Full-Time,On-site,3,7.6
E14454,Linda Warner,Female,30,2021-11-29,Active,Machine Operator,6,G7,Operations,Operations,Operations,Dammam,E11480,Ashlee Johnson,82800.0,P11034,Filled,Full-Time,On-site,4,4.8
E12321,Anthony Yang,Male,33,2019-05-29,Active,Operations Associate,6,G6,Operations,Operations,Operations,Dammam,E11480,Ashlee Johnson,92600.0,P11035,Filled,Full-Time,On-site,3,7.3
E11818,James Young,Male,37,2022-07-13,Active,Machine Operator,6,G8,Operations,Operations,Operations,Dammam,E11480,Ashlee Johnson,87700.0,P11036,Filled,Full-Time,Hybrid,2,4.2
E14332,Claudia Shields,Female,34,2019-12-26,Active,Machine Operator,6,G5,Operations,Operations,Operations,Dammam,E11480,Ashlee Johnson,86500.0,P11037,Filled,Full-Time,On-site,3,6.8
E14218,Anthony Gordon,Male,29,2021-05-24,Active,Senior Operations Technician,6,G10,Operations,Operations,Operations,Dammam,E11480,Ashlee Johnson,97700.0,P11038,Filled,Full-Time,On-site,2,5.3
E11433,Dylan Cabrera,Male,38,2016-07-13,Active,Senior Operations Technician,6,G10,Operations,Operations,Operations,Dammam,E11480,Ashlee Johnson,133900.0,P11039,Filled,Full-Time,On-site,3,10.2
E10648,Nicholas Flores,Male,29,2026-06-02,Active,Maintenance Technician,6,G8,Operations,Operations,Operations,Dammam,E11480,Ashlee Johnson,76600.0,P11040,Filled,Full-Time,On-site,4,0.3
E14762,Linda Chambers,Female,45,2019-11-12,Active,Senior Operations Technician,6,G7,Operations,Operations,Operations,Dammam,E11480,Ashlee Johnson,106000.0,P11041,Filled,Full-Time,On-site,4,6.9
E14634,Frank Turner,Male,29,2022-05-05,Active,Operations Associate,6,G9,Operations,Operations,Operations,Dammam,E11480,Ashlee Johnson,86700.0,P11042,Filled,Full-Time,On-site,4,4.4
E14564,Charles Keller,Male,31,2018-09-16,Active,Senior Operations Technician,6,G7,Operations,Operations,Operations,Dammam,E11480,Ashlee Johnson,122800.0,P11043,Filled,Full-Time,On-site,3,8.0
E12729,Daniel Turner,Male,32,2022-01-29,Active,Senior Operations Technician,6,G10,Operations,Operations,Operations,Dammam,E11480,Ashlee Johnson,128000.0,P11044,Filled,Full-Time,On-site,1,4.7
E10506,Antonio Fry,Male,41,2023-07-23,On Leave,Operations Associate,6,G5,Operations,Operations,Operations,Dammam,E11480,Ashlee Johnson,74900.0,P11045,Filled,Full-Time,On-site,3,3.2
E14136,Sheryl Buck,Female,24,2023-09-26,Active,Maintenance Technician,6,G5,Operations,Operations,Operations,Dammam,E11480,Ashlee Johnson,98800.0,P11046,Filled,Full-Time,On-site,2,3.0
E14961,Mark Simmons,Male,37,2010-12-16,Active,Operations Technician,6,G5,Operations,Operations,Operations,Jubail,E11480,Ashlee Johnson,98800.0,P11047,Filled,Full-Time,On-site,3,15.8
E14864,Jon Compton,Male,32,2015-09-26,On Leave,Operations Technician,6,G8,Operations,Operations,Operations,Dammam,E11480,Ashlee Johnson,97900.0,P11048,Filled,Full-Time,Hybrid,3,11.0
E10601,Todd Powers,Male,30,2025-07-16,Active,Senior Operations Technician,6,G9,Operations,Operations,Operations,Dammam,E11480,Ashlee Johnson,97000.0,P11049,Filled,Full-Time,On-site,3,1.2
E10040,Rachel Flores,Female,35,2020-03-17,Active,Operations Associate,6,G8,Operations,Operations,Operations,Dammam,E11480,Ashlee Johnson,89100.0,P11050,Filled,Full-Time,On-site,3,6.5
E11478,Jason Hernandez,Male,24,2023-09-26,Active,Operations Technician,6,G5,Operations,Operations,Operations,Jubail,E11480,Ashlee Johnson,82300.0,P11051,Filled,Full-Time,On-site,4,3.0
E11521,Jamie Webster,Female,39,2011-01-28,Active,Operations Technician,6,G6,Operations,Operations,Operations,Dammam,E11480,Ashlee Johnson,119700.0,P11052,Filled,Contractor,Hybrid,5,15.7
E10925,Kara Atkinson,Female,29,2019-10-07,Active,Maintenance Technician,6,G8,Operations,Operations,Operations,Jubail,E11480,Ashlee Johnson,102200.0,P11053,Filled,Full-Time,On-site,3,7.0
E10058,Eric Zimmerman,Male,37,2022-03-10,Active,Machine Operator,6,G9,Operations,Operations,Operations,Dammam,E11480,Ashlee Johnson,97600.0,P11054,Filled,Full-Time,On-site,2,4.5
E12197,Robert Melendez,Male,24,2023-10-24,On Leave,Operations Technician,6,G5,Operations,Operations,Operations,Dammam,E11480,Ashlee Johnson,86300.0,P11055,Filled,Full-Time,On-site,3,2.9
E11337,Justin Faulkner,Male,34,2017-08-14,Active,Shift Supervisor,5,G11,Operations,Operations,Operations,Dammam,E13052,Alan Harris,124900.0,P11056,Filled,Full-Time,On-site,2,9.1
E12871,Justin Anderson,Male,26,2025-10-29,Active,Maintenance Technician,6,G8,Operations,Operations,Operations,Dammam,E11337,Justin Faulkner,81200.0,P11057,Filled,Full-Time,On-site,3,0.9
E14145,David Harris,Male,28,2019-09-26,Active,Operations Technician,6,G6,Operations,Operations,Operations,Dammam,E11337,Justin Faulkner,98000.0,P11058,Filled,Full-Time,On-site,3,7.0
E13531,Matthew Nielsen,Male,23,2024-09-25,Active,Senior Operations Technician,6,G9,Operations,Operations,Operations,Dammam,E11337,Justin Faulkner,96700.0,P11059,Filled,Full-Time,On-site,3,2.0
E11991,Ryan Davis,Male,30,2017-09-25,Active,Operations Technician,6,G6,Operations,Operations,Operations,Dammam,E11337,Justin Faulkner,105300.0,P11060,Filled,Full-Time,On-site,3,9.0
E13280,Misty Lee,Female,25,2022-09-25,Active,Senior Operations Technician,6,G8,Operations,Operations,Operations,Dammam,E11337,Justin Faulkner,111000.0,P11061,Filled,Full-Time,On-site,2,4.0
E13230,Derrick Nunez,Male,30,2022-12-24,Active,Senior Operations Technician,6,G7,Operations,Operations,Operations,Dammam,E11337,Justin Faulkner,124900.0,P11062,Filled,Full-Time,On-site,3,3.8
E11062,Larry Russo,Male,25,2022-09-25,Active,Maintenance Technician,6,G8,Operations,Operations,Operations,Dammam,E11337,Justin Faulkner,113900.0,P11063,Filled,Full-Time,On-site,3,4.0
E12149,Cole Gill,Male,33,2017-03-26,Active,Machine Operator,6,G9,Operations,Operations,Operations,Dammam,E11337,Justin Faulkner,85800.0,P11064,Filled,Full-Time,On-site,3,9.5
E14743,Misty Hansen,Female,24,2023-09-26,Active,Maintenance Technician,6,G8,Operations,Operations,Operations,Dammam,E11337,Justin Faulkner,79400.0,P11065,Filled,Part-Time,On-site,4,3.0
E13059,Karen Booth,Female,23,2024-09-25,Active,Maintenance Technician,6,G5,Operations,Operations,Operations,Dammam,E11337,Justin Faulkner,97900.0,P11066,Filled,Full-Time,On-site,3,2.0
E13730,Gary Krueger,Male,43,2005-01-26,Active,"Director, Quality",2,G17,Quality,Operations,Operations,Jubail,E10647,Gina Chavez,484400.0,P11067,Filled,Full-Time,On-site,4,21.7
E10475,Alexis Giles,Female,48,2016-10-08,Active,Quality Manager,4,G12,Quality,Operations,Operations,Jubail,E13730,Gary Krueger,298600.0,P11068,Filled,Full-Time,On-site,4,10.0
E12339,Victor Wilson,Male,25,2022-09-25,Active,Quality Engineer,6,G8,Quality,Operations,Operations,Jubail,E10475,Alexis Giles,95900.0,P11069,Filled,Full-Time,On-site,2,4.0
E11821,Zachary Mendoza,Male,29,2018-09-25,Active,Quality Analyst,6,G5,Quality,Operations,Operations,Jubail,E10475,Alexis Giles,111400.0,P11070,Filled,Full-Time,On-site,4,8.0
E14329,David Munoz,Male,31,2020-02-24,Active,Quality Analyst,6,G6,Quality,Operations,Operations,Jubail,E10475,Alexis Giles,113500.0,P11071,Filled,Full-Time,On-site,5,6.6
E13856,Christine Herman,Female,21,2026-08-20,Active,Quality Engineer,6,G7,Quality,Operations,Operations,Jubail,E10475,Alexis Giles,99600.0,P11072,Filled,Full-Time,On-site,2,0.1
E14469,Kristen Rowe,Female,25,2022-12-17,Active,Quality Engineer,6,G5,Quality,Operations,Operations,Jubail,E10475,Alexis Giles,99200.0,P11073,Filled,Part-Time,On-site,4,3.8
E12076,Jamie Ferguson,Female,30,2023-04-07,Active,Quality Analyst,6,G5,Quality,Operations,Operations,Dammam,E10475,Alexis Giles,97500.0,P11074,Filled,Full-Time,On-site,3,3.5
E11829,Ian Green,Male,34,2019-09-08,Active,,6,G5,Quality,Operations,Operations,Jubail,E10475,Alexis Giles,92600.0,P11075,Filled,Full-Time,On-site,4,7.0
E12381,Jose Crawford,Male,33,2015-12-21,Active,QA/QC Technician,6,G8,Quality,Operations,Operations,Jubail,E13730,Gary Krueger,102200.0,P11076,Filled,Full-Time,On-site,3,10.8
E11081,Brett Zavala,Male,29,2024-02-07,Active,Quality Inspector,6,G5,Quality,Operations,Operations,Jubail,E13730,Gary Krueger,100300.0,P11077,Filled,Full-Time,On-site,5,2.6
E11086,Julie Franco,Female,25,2022-09-25,Active,Quality Inspector,6,G6,Quality,Operations,Operations,Jubail,E13730,Gary Krueger,109400.0,P11078,Filled,Contractor,On-site,4,4.0
E13588,Thomas Wood,Male,25,2024-08-02,Active,Quality Inspector,6,G6,Quality,Operations,Operations,Jubail,E13730,Gary Krueger,84300.0,P11079,Filled,Full-Time,On-site,4,2.1
E10003,Jason Hart,Male,26,2024-07-19,Active,Quality Inspector,6,G5,Quality,Operations,Operations,Jubail,E13730,Gary Krueger,88100.0,P11080,Filled,Full-Time,On-site,3,2.2
E14396,Connie Thomas,Female,31,2025-01-10,Active,Quality Engineer,6,G7,Quality,Operations,Operations,Jubail,E13730,Gary Krueger,102800.0,P11081,Filled,Full-Time,On-site,3,1.7
E11160,Dean Donovan,Male,23,2024-09-25,Active,Quality Inspector,6,G6,Quality,Operations,Operations,Jubail,E13730,Gary Krueger,117500.0,P11082,Filled,Contractor,On-site,4,2.0
E10214,Kerry Butler,Male,23,2025-03-01,Active,Quality Analyst,6,G5,Quality,Operations,Operations,Dammam,E13730,Gary Krueger,101900.0,P11083,Filled,Full-Time,On-site,4,1.6
,,,,,,QA/QC Technician,6,G7,Quality,Operations,Operations,Jubail,E13730,Gary Krueger,,P11084,Vacant,,,,
E13857,Brittany Rivera,Female,38,2016-02-05,Active,Quality Analyst,6,G9,Quality,Operations,Operations,Jubail,E13730,Gary Krueger,94800.0,P11085,Filled,Full-Time,On-site,4,10.6
E12605,James Whitaker,Male,36,2022-08-04,Active,Quality Inspector,6,G9,Quality,Operations,Operations,Jubail,E13730,Gary Krueger,123700.0,P11086,Filled,Full-Time,On-site,5,4.1
E11296,Jonathan Pena,Male,32,2024-09-25,Active,QA/QC Technician,6,G5,Quality,Operations,Operations,Jubail,E13730,Gary Krueger,105900.0,P11087,Filled,Part-Time,On-site,3,2.0
E13642,Michael Scott,Male,26,2021-11-10,Active,Quality Engineer,6,G9,Quality,Operations,Operations,Jubail,E13730,Gary Krueger,103500.0,P11088,Filled,Full-Time,On-site,3,4.9
E11318,Roberto Levy,Male,37,2016-02-02,Active,Quality Engineer,6,G6,Quality,Operations,Operations,Jubail,E13730,Gary Krueger,110900.0,P11089,Filled,Contractor,Hybrid,3,10.6
E12663,Maria Henry,Female,23,2024-09-25,Active,Quality Inspector,6,G6,Quality,Operations,Operations,Jubail,E13730,Gary Krueger,97200.0,P11090,Filled,Full-Time,On-site,3,2.0
E11475,Christopher Norton,Male,30,2017-09-25,Active,QA/QC Technician,6,G5,Quality,Operations,Operations,Jubail,E13730,Gary Krueger,114500.0,P11091,Filled,Contractor,On-site,4,9.0
E14350,Christopher Cortez,Male,29,2018-09-25,On Leave,Quality Analyst,6,G5,Quality,Operations,Operations,Jubail,E13730,Gary Krueger,104400.0,P11092,Filled,Full-Time,On-site,3,8.0
E12108,John Stark,Male,49,2018-04-30,Active,"Director, Supply Chain",2,G17,Supply Chain,Operations,Operations,Riyadh,E10647,Gina Chavez,438900.0,P11093,Filled,Full-Time,On-site,4,8.4
E10034,Joshua May,Male,36,2014-03-30,Active,Senior Supply Chain Manager,3,G15,Supply Chain,Operations,Operations,Riyadh,E12108,John Stark,312100.0,P11094,Filled,Full-Time,On-site,3,12.5
E10063,Anthony Johnson,Male,43,2020-03-23,Active,Supply Chain Manager,4,G13,Supply Chain,Operations,Operations,Riyadh,E10034,Joshua May,216100.0,P11095,Filled,Full-Time,On-site,4,6.5
E10054,Ryan Landry,Male,28,2025-05-17,Active,Warehouse Supervisor,5,G10,Supply Chain,Operations,Operations,Riyadh,E10063,Anthony Johnson,155800.0,P11096,Filled,Full-Time,On-site,3,1.4
E12909,Mary Duran,Female,29,2018-09-25,Active,Warehouse Associate,6,G8,Supply Chain,Operations,Operations,Riyadh,E10054,Ryan Landry,99200.0,P11097,Filled,Full-Time,On-site,3,8.0
E10521,Jason Kirby,Male,28,2019-09-26,Active,Inventory Specialist,6,G5,Supply Chain,Operations,Operations,Riyadh,E10054,Ryan Landry,93500.0,P11098,Filled,Full-Time,On-site,4,7.0
E10432,Crystal Mann,Female,26,2021-09-25,Active,Inventory Specialist,6,G7,Supply Chain,Operations,Operations,Jeddah,E10054,Ryan Landry,88400.0,P11099,Filled,Full-Time,On-site,4,5.0
E10077,Adam Wagner,Male,31,2024-06-07,Active,Inventory Specialist,6,G6,Supply Chain,Operations,Operations,Riyadh,E10054,Ryan Landry,76700.0,P11100,Filled,Full-Time,On-site,3,2.3
E12995,Jacqueline Williamson,Female,26,2021-09-25,Active,Warehouse Associate,6,G8,Supply Chain,Operations,Operations,Riyadh,E10054,Ryan Landry,109600.0,P11101,Filled,Full-Time,On-site,2,5.0
E12805,Melvin Jensen,Male,27,2025-08-20,Active,Logistics Coordinator,6,G7,Supply Chain,Operations,Operations,Riyadh,E10054,Ryan Landry,83200.0,P11102,Filled,Contractor,On-site,3,1.1
E11270,Karen Freeman,Female,37,2016-01-22,Active,Logistics Coordinator,6,G8,Supply Chain,Operations,Operations,Riyadh,E10054,Ryan Landry,94900.0,P11103,Filled,Full-Time,On-site,3,10.7
E11198,Aaron Arnold,Male,27,2020-09-25,Active,Logistics Coordinator,6,G6,Supply Chain,Operations,Operations,Riyadh,E10054,Ryan Landry,106800.0,P11104,Filled,Full-Time,On-site,5,6.0
E12359,Adam Moreno,Male,21,2026-08-20,Active,Supply Chain Analyst,6,G7,Supply Chain,Operations,Operations,Riyadh,E10054,Ryan Landry,88400.0,P11105,Filled,Full-Time,Hybrid,4,0.1
E13440,Donald Madden,Male,44,2017-07-09,Active,Warehouse Supervisor,5,G11,Supply Chain,Operations,Operations,Riyadh,E10063,Anthony Johnson,169600.0,P11106,Filled,Full-Time,Hybrid,4,9.2
E10509,Alan Li,Male,30,2023-06-13,Active,Supply Chain Analyst,6,G6,Supply Chain,Operations,Operations,Riyadh,E13440,Donald Madden,103600.0,P11107,Filled,Full-Time,On-site,3,3.3
E12813,Michael Drake,Male,23,2024-09-25,Active,Warehouse Associate,6,G8,Supply Chain,Operations,Operations,Dammam,E13440,Donald Madden,83100.0,P11108,Filled,Full-Time,On-site,3,2.0
E10468,Theodore Rodriguez,Male,30,2023-04-15,Active,Supply Chain Analyst,6,G9,Supply Chain,Operations,Operations,Dammam,E13440,Donald Madden,80900.0,P11109,Filled,Full-Time,On-site,4,3.4
E11601,Brent Hernandez,Male,37,2013-06-01,Active,Warehouse Associate,6,G7,Supply Chain,Operations,Operations,Riyadh,E13440,Donald Madden,89000.0,P11110,Filled,Part-Time,On-site,2,13.3
E11320,Cheryl Fox,Female,24,2023-09-26,Active,Warehouse Associate,6,G7,Supply Chain,Operations,Operations,Riyadh,E13440,Donald Madden,87400.0,P11111,Filled,Full-Time,On-site,3,3.0
E12979,Robin Adams,Female,32,2019-10-30,Active,Inventory Specialist,6,G5,Supply Chain,Operations,Operations,Riyadh,E13440,Donald Madden,80200.0,P11112,Filled,Full-Time,On-site,1,6.9
E11425,Jennifer Watson,Female,29,2023-11-20,Active,Logistics Coordinator,6,G9,Supply Chain,Operations,Operations,Riyadh,E13440,Donald Madden,86300.0,P11113,Filled,Full-Time,On-site,3,2.8
E11211,Jennifer Cunningham,Female,37,2024-08-10,Active,Logistics Coordinator,6,G6,Supply Chain,Operations,Operations,Riyadh,E13440,Donald Madden,90200.0,P11114,Filled,Full-Time,On-site,2,2.1
E11369,William Perez,Male,28,2019-09-26,Active,Inventory Specialist,6,G6,Supply Chain,Operations,Operations,Riyadh,E13440,Donald Madden,94700.0,P11115,Filled,Full-Time,On-site,4,7.0
E11992,Melinda Abbott,Female,28,2021-08-22,Active,Warehouse Associate,6,G8,Supply Chain,Operations,Operations,Riyadh,E13440,Donald Madden,122900.0,P11116,Filled,Full-Time,On-site,1,5.1
,,,,,,Warehouse Associate,6,G5,Supply Chain,Operations,Operations,Riyadh,E13440,Donald Madden,,P11117,Vacant,,,,
E14378,Martha Garrison,Female,37,2018-03-26,Active,Warehouse Supervisor,5,G10,Supply Chain,Operations,Operations,Riyadh,E10063,Anthony Johnson,192400.0,P11118,Filled,Full-Time,On-site,3,8.5
E12509,Olivia Davis,Female,27,2020-09-25,Active,Supply Chain Analyst,6,G9,Supply Chain,Operations,Operations,Riyadh,E14378,Martha Garrison,109800.0,P11119,Filled,Full-Time,On-site,4,6.0
E10834,James Tran,Male,37,2015-12-10,Active,Logistics Coordinator,6,G6,Supply Chain,Operations,Operations,Riyadh,E14378,Martha Garrison,83800.0,P11120,Filled,Full-Time,On-site,3,10.8
E11401,Anthony Smith,Male,21,2026-08-20,Active,Inventory Specialist,6,G5,Supply Chain,Operations,Operations,Riyadh,E14378,Martha Garrison,86900.0,P11121,Filled,Full-Time,Hybrid,3,0.1
E10092,Christopher Porter,Male,27,2020-09-25,Active,Supply Chain Analyst,6,G8,Supply Chain,Operations,Operations,Riyadh,E14378,Martha Garrison,90900.0,P11122,Filled,Full-Time,On-site,4,6.0
E14879,Jeffrey Mueller,Male,26,2023-03-17,Active,Forklift Operator,6,G9,Supply Chain,Operations,Operations,Riyadh,E14378,Martha Garrison,78900.0,P11123,Filled,Full-Time,On-site,3,3.5
E12357,Kylie Hodge,Female,36,2023-04-03,Active,Inventory Specialist,6,G9,Supply Chain,Operations,Operations,Riyadh,E14378,Martha Garrison,109900.0,P11124,Filled,Full-Time,On-site,2,3.5
E11281,Brandon Rice,Male,32,2021-06-25,Active,Inventory Specialist,6,G5,Supply Chain,Operations,Operations,Riyadh,E14378,Martha Garrison,86000.0,P11125,Filled,Full-Time,On-site,3,5.3
E14026,Andrew Lewis,Male,32,2024-10-25,Active,Logistics Coordinator,6,G6,Supply Chain,Operations,Operations,Dammam,E14378,Martha Garrison,83500.0,P11126,Filled,Full-Time,On-site,4,1.9
E10306,Sean Clay,Male,34,2020-11-25,Active,Forklift Operator,6,G9,Supply Chain,Operations,Operations,Jeddah,E14378,Martha Garrison,105200.0,P11127,Filled,Full-Time,On-site,3,5.8
E14835,John Williams,Male,42,2021-01-24,Active,Inventory Specialist,6,G5,Supply Chain,Operations,Operations,Riyadh,E14378,Martha Garrison,88700.0,P11128,Filled,Full-Time,On-site,5,5.7
E13913,Angela Frost,Female,27,2020-09-25,Active,Inventory Specialist,6,G7,Supply Chain,Operations,Operations,Riyadh,E14378,Martha Garrison,91100.0,P11129,Filled,Contractor,On-site,3,6.0
E11416,Steven Elliott,Male,28,2020-06-20,Active,Warehouse Associate,6,G5,Supply Chain,Operations,Operations,Riyadh,E14378,Martha Garrison,101000.0,P11130,Filled,Full-Time,On-site,3,6.3
E12479,Amanda Mcfarland,Female,25,2025-11-17,Active,Supply Chain Analyst,6,G8,Supply Chain,Operations,Operations,Riyadh,E14378,Martha Garrison,82700.0,P11131,Filled,Full-Time,On-site,3,0.9
E11167,Ernest Ali,Male,34,2022-09-07,Active,Inventory Specialist,6,G9,Supply Chain,Operations,Operations,Riyadh,E14378,Martha Garrison,115200.0,P11132,Filled,Contractor,On-site,3,4.0
E10816,Laurie Goodwin,Female,29,2023-11-27,Active,Supply Chain Analyst,6,G7,Supply Chain,Operations,Operations,Riyadh,E14378,Martha Garrison,91400.0,P11133,Filled,Contractor,On-site,3,2.8
E13163,Micheal Sanders,Male,28,2021-09-18,Active,Warehouse Associate,6,G8,Supply Chain,Operations,Operations,Riyadh,E14378,Martha Garrison,92600.0,P11134,Filled,Full-Time,On-site,3,5.0
E11881,Angela Martin,Female,33,2021-03-29,Active,Forklift Operator,6,G8,Supply Chain,Operations,Operations,Dammam,E14378,Martha Garrison,89600.0,P11135,Filled,Full-Time,On-site,4,5.5
E14498,David Davenport,Male,21,2026-08-20,Active,Logistics Coordinator,6,G8,Supply Chain,Operations,Operations,Riyadh,E14378,Martha Garrison,89300.0,P11136,Filled,Full-Time,On-site,2,0.1
E13304,James Mosley,Male,29,2024-08-11,Active,Forklift Operator,6,G6,Supply Chain,Operations,Operations,Dammam,E14378,Martha Garrison,100000.0,P11137,Filled,Part-Time,On-site,2,2.1
E11251,Gary Campos,Male,35,2012-09-25,Active,Inventory Specialist,6,G5,Supply Chain,Operations,Operations,Riyadh,E14378,Martha Garrison,93800.0,P11138,Filled,Full-Time,On-site,4,14.0
E14610,Charles Hinton,Male,44,2009-11-13,Active,Supply Chain Manager,4,G13,Supply Chain,Operations,Operations,Riyadh,E10034,Joshua May,239300.0,P11139,Filled,Full-Time,On-site,4,16.9
E12891,Nathaniel Mason,Male,37,2024-12-16,Active,Warehouse Supervisor,5,G10,Supply Chain,Operations,Operations,Riyadh,E14610,Charles Hinton,154900.0,P11140,Filled,Full-Time,On-site,4,1.8
E10198,William Brown,Male,29,2022-01-28,Active,Warehouse Associate,6,G7,Supply Chain,Operations,Operations,Riyadh,E12891,Nathaniel Mason,93100.0,P11141,Filled,Full-Time,On-site,2,4.7
E13788,Jessica Roberson,Female,41,2019-03-09,Active,Logistics Coordinator,6,G6,Supply Chain,Operations,Operations,Riyadh,E12891,Nathaniel Mason,92000.0,P11142,Filled,Full-Time,On-site,2,7.5
E11193,Gina Mack,Female,34,2014-03-30,Active,Forklift Operator,6,G7,Supply Chain,Operations,Operations,Riyadh,E12891,Nathaniel Mason,86800.0,P11143,Filled,Full-Time,On-site,5,12.5
E13427,Troy Sanders,Male,41,2024-05-26,Active,Inventory Specialist,6,G5,Supply Chain,Operations,Operations,Riyadh,E12891,Nathaniel Mason,94100.0,P11144,Filled,Full-Time,On-site,2,2.3
E10446,Patricia Johnson,Female,25,2022-09-25,Active,Logistics Coordinator,6,G7,Supply Chain,Operations,Operations,Riyadh,E12891,Nathaniel Mason,94800.0,P11145,Filled,Full-Time,On-site,1,4.0
E12953,Donald Riddle,Male,42,2022-09-21,Active,Supply Chain Analyst,6,G6,Supply Chain,Operations,Operations,Riyadh,E12891,Nathaniel Mason,86300.0,P11146,Filled,Contractor,Hybrid,4,4.0
E14602,John Kelly,Male,26,2021-09-25,Active,Supply Chain Analyst,6,G7,Supply Chain,Operations,Operations,Riyadh,E12891,Nathaniel Mason,84700.0,P11147,Filled,Full-Time,On-site,3,5.0
E10015,Teresa Reynolds,Female,24,2023-09-26,Active,Inventory Specialist,6,G5,Supply Chain,Operations,Operations,Riyadh,E12891,Nathaniel Mason,108600.0,P11148,Filled,Full-Time,On-site,3,3.0
E10398,Michael Guerrero,Male,27,2022-09-19,Active,Supply Chain Analyst,6,G5,Supply Chain,Operations,Operations,Riyadh,E12891,Nathaniel Mason,95400.0,P11149,Filled,Full-Time,On-site,4,4.0
E11388,Brady Montgomery,Male,32,2023-04-25,On Leave,Forklift Operator,6,G6,Supply Chain,Operations,Operations,Riyadh,E12891,Nathaniel Mason,89300.0,P11150,Filled,Contractor,On-site,3,3.4
E10318,Robert Marquez,Male,32,2024-12-18,Active,Warehouse Supervisor,5,G11,Supply Chain,Operations,Operations,Jeddah,E14610,Charles Hinton,134400.0,P11151,Filled,Full-Time,On-site,2,1.8
E14838,Bradley Moore,Male,29,2023-12-25,Active,Inventory Specialist,6,G7,Supply Chain,Operations,Operations,Jeddah,E10318,Robert Marquez,88200.0,P11152,Filled,Full-Time,On-site,3,2.8
E10325,Michael Walters,Male,33,2024-07-17,Active,Forklift Operator,6,G8,Supply Chain,Operations,Operations,Jeddah,E10318,Robert Marquez,92600.0,P11153,Filled,Part-Time,On-site,4,2.2
E11116,Patrick Stewart,Male,32,2024-07-04,Active,Logistics Coordinator,6,G9,Supply Chain,Operations,Operations,Jeddah,E10318,Robert Marquez,94500.0,P11154,Filled,Full-Time,On-site,3,2.2
E11668,Brian Smith,Male,27,2024-06-04,Active,Supply Chain Analyst,6,G5,Supply Chain,Operations,Operations,Jeddah,E10318,Robert Marquez,93200.0,P11155,Filled,Full-Time,On-site,3,2.3
E10044,Elizabeth Ward,Female,42,2013-10-05,Active,Warehouse Associate,6,G5,Supply Chain,Operations,Operations,Jeddah,E10318,Robert Marquez,94900.0,P11156,Filled,Part-Time,On-site,3,13.0
E12726,Debra Anderson,Female,30,2023-03-29,Active,Forklift Operator,6,G9,Supply Chain,Operations,Operations,Jeddah,E10318,Robert Marquez,82800.0,P11157,Filled,Full-Time,On-site,4,3.5
E12834,Chelsea Cole,Female,34,2024-06-03,Active,Inventory Specialist,6,G9,Supply Chain,Operations,Operations,Jeddah,E10318,Robert Marquez,95000.0,P11158,Filled,Part-Time,On-site,5,2.3
E12757,Kristen Russell,Female,28,2025-03-31,Active,Supply Chain Analyst,6,G8,Supply Chain,Operations,Operations,Jeddah,E10318,Robert Marquez,92000.0,P11159,Filled,Contractor,On-site,3,1.5
E14340,Alexander Gomez,Male,34,2017-08-30,Active,Supply Chain Analyst,6,G5,Supply Chain,Operations,Operations,Dammam,E10318,Robert Marquez,116300.0,P11160,Filled,Full-Time,On-site,4,9.1
E10296,Brandon George,Male,37,2023-08-02,Active,Inventory Specialist,6,G8,Supply Chain,Operations,Operations,Jeddah,E10318,Robert Marquez,90400.0,P11161,Filled,Full-Time,Hybrid,3,3.1
E14109,Frederick Cruz,Male,34,2023-05-04,Active,Forklift Operator,6,G8,Supply Chain,Operations,Operations,Jeddah,E10318,Robert Marquez,91400.0,P11162,Filled,Full-Time,On-site,3,3.4
E14985,Edgar Hughes,Male,21,2026-08-20,Active,Inventory Specialist,6,G8,Supply Chain,Operations,Operations,Jeddah,E10318,Robert Marquez,84100.0,P11163,Filled,Full-Time,On-site,3,0.1
E13699,Bradley Santana,Male,37,2010-09-25,Active,Warehouse Supervisor,5,G10,Supply Chain,Operations,Operations,Dammam,E14610,Charles Hinton,148400.0,P11164,Filled,Full-Time,On-site,3,16.0
E12056,Taylor Spence,Male,26,2025-04-11,Active,Forklift Operator,6,G6,Supply Chain,Operations,Operations,Riyadh,E13699,Bradley Santana,77000.0,P11165,Filled,Contractor,On-site,4,1.5
E11381,Kenneth Jackson,Male,38,2025-02-23,Active,Forklift Operator,6,G7,Supply Chain,Operations,Operations,Dammam,E13699,Bradley Santana,86700.0,P11166,Filled,Full-Time,Hybrid,3,1.6
E10239,James Taylor,Male,26,2022-10-11,Active,Logistics Coordinator,6,G7,Supply Chain,Operations,Operations,Dammam,E13699,Bradley Santana,104400.0,P11167,Filled,Full-Time,On-site,3,4.0
E10717,Eric Snyder,Male,24,2026-05-19,Active,Inventory Specialist,6,G7,Supply Chain,Operations,Operations,Dammam,E13699,Bradley Santana,97000.0,P11168,Filled,Full-Time,On-site,2,0.4
E11642,Amy Hamilton,Female,22,2025-09-25,Active,Logistics Coordinator,6,G8,Supply Chain,Operations,Operations,Dammam,E13699,Bradley Santana,101800.0,P11169,Filled,Full-Time,On-site,3,1.0
E11978,Jason Washington,Male,39,2019-02-03,Active,Forklift Operator,6,G6,Supply Chain,Operations,Operations,Dammam,E13699,Bradley Santana,94100.0,P11170,Filled,Full-Time,On-site,3,7.6
E13017,Angela King,Female,38,2026-02-07,Active,Warehouse Associate,6,G7,Supply Chain,Operations,Operations,Dammam,E13699,Bradley Santana,97700.0,P11171,Filled,Contractor,On-site,1,0.6
E11345,David Weber,Male,32,2021-09-21,Active,Forklift Operator,6,G8,Supply Chain,Operations,Operations,Dammam,E13699,Bradley Santana,92500.0,P11172,Filled,Full-Time,On-site,5,5.0
E14270,Kirk Gonzalez,Male,39,2018-11-14,Active,Senior Supply Chain Manager,3,G15,Supply Chain,Operations,Operations,Riyadh,E12108,John Stark,323000.0,P11173,Filled,Full-Time,On-site,4,7.9
E12964,Ashley Torres,Female,48,2013-07-28,Active,Supply Chain Manager,4,G12,Supply Chain,Operations,Operations,Dammam,E14270,Kirk Gonzalez,224900.0,P11174,Filled,Full-Time,Hybrid,4,13.2
E11534,Travis Cook,Male,47,2021-02-06,Active,Warehouse Supervisor,5,G11,Supply Chain,Operations,Operations,Dammam,E12964,Ashley Torres,122600.0,P11175,Filled,Full-Time,On-site,3,5.6
E11608,Manuel Brock,Male,31,2023-08-29,Active,Warehouse Associate,6,G9,Supply Chain,Operations,Operations,Dammam,E11534,Travis Cook,89600.0,P11176,Filled,Full-Time,On-site,5,3.1
E13171,Gary Cook,Male,41,2020-11-06,Active,Inventory Specialist,6,G8,Supply Chain,Operations,Operations,Dammam,E11534,Travis Cook,88800.0,P11177,Filled,Full-Time,On-site,2,5.9
,,,,,,Inventory Specialist,6,G6,Supply Chain,Operations,Operations,Dammam,E11534,Travis Cook,,P11178,Vacant,,,,
E11517,Robert Villarreal,Male,31,2017-08-13,Active,Supply Chain Analyst,6,G8,Supply Chain,Operations,Operations,Jeddah,E11534,Travis Cook,102200.0,P11179,Filled,Full-Time,On-site,2,9.1
E14967,William Taylor,Male,33,2025-03-03,Active,Warehouse Associate,6,G5,Supply Chain,Operations,Operations,Dammam,E11534,Travis Cook,94800.0,P11180,Filled,Full-Time,On-site,4,1.6
E12892,Erica Valentine,Female,29,2020-08-19,Active,Warehouse Associate,6,G7,Supply Chain,Operations,Operations,Dammam,E11534,Travis Cook,107500.0,P11181,Filled,Full-Time,Hybrid,3,6.1
E14095,Christina Edwards,Female,30,2017-09-25,Active,Forklift Operator,6,G7,Supply Chain,Operations,Operations,Dammam,E11534,Travis Cook,95500.0,P11182,Filled,Full-Time,On-site,3,9.0
E10194,Vincent Novak,Male,23,2024-09-25,Active,Warehouse Associate,6,G6,Supply Chain,Operations,Operations,Dammam,E11534,Travis Cook,99800.0,P11183,Filled,Full-Time,On-site,3,2.0
E12809,Eddie Neal,Male,35,2021-06-24,On Leave,Warehouse Associate,6,G5,Supply Chain,Operations,Operations,Dammam,E11534,Travis Cook,97200.0,P11184,Filled,Contractor,On-site,3,5.3
,,,,,,Logistics Coordinator,6,G7,Supply Chain,Operations,Operations,Dammam,E11534,Travis Cook,,P11185,Vacant,,,,
E10279,Katherine Johnston,Female,21,2026-08-20,Active,Supply Chain Analyst,6,G5,Supply Chain,Operations,Operations,Dammam,E11534,Travis Cook,106800.0,P11186,Filled,Full-Time,On-site,3,0.1
E14177,David Bennett,Male,37,2016-04-22,On Leave,Supply Chain Analyst,6,G9,Supply Chain,Operations,Operations,Dammam,E11534,Travis Cook,91100.0,P11187,Filled,Contractor,On-site,3,10.4
E13695,Robert Long,Male,32,2021-11-21,Active,Supply Chain Analyst,6,G8,Supply Chain,Operations,Operations,Dammam,,,88100.0,P11188,Filled,Full-Time,On-site,2,4.8
E11399,Brian Elliott,Male,30,2017-09-25,Active,Logistics Coordinator,6,G8,Supply Chain,Operations,Operations,Dammam,E11534,Travis Cook,74000.0,P11189,Filled,Full-Time,Hybrid,3,9.0
E13337,Kevin Gardner,Male,24,2023-09-26,Active,Inventory Specialist,6,G7,Supply Chain,Operations,Operations,Dammam,E11534,Travis Cook,100200.0,P11190,Filled,Full-Time,On-site,4,3.0
E11725,Melanie Pierce,Female,33,2014-09-25,Active,Warehouse Supervisor,5,G10,Supply Chain,Operations,Operations,Dammam,E12964,Ashley Torres,143800.0,P11191,Filled,Full-Time,On-site,2,12.0
E11645,Troy Murray,Male,35,2016-05-01,Active,Logistics Coordinator,6,G6,Supply Chain,Operations,Operations,Dammam,E11725,Melanie Pierce,92800.0,P11192,Filled,Full-Time,On-site,3,10.4
E12118,Michelle Gonzales,Female,28,2019-09-26,Active,Forklift Operator,6,G6,Supply Chain,Operations,Operations,Dammam,E11725,Melanie Pierce,91100.0,P11193,Filled,Full-Time,On-site,4,7.0
E10411,Eddie Schwartz,Male,39,2021-05-18,Active,Logistics Coordinator,6,G5,Supply Chain,Operations,Operations,Dammam,E11725,Melanie Pierce,90800.0,P11194,Filled,Full-Time,On-site,4,5.4
E10024,Robert Flynn,Male,30,2023-12-24,Active,Forklift Operator,6,G8,Supply Chain,Operations,Operations,Dammam,E11725,Melanie Pierce,89600.0,P11195,Filled,Full-Time,On-site,2,2.8
E10812,Jennifer Porter,Female,32,2021-10-22,Active,Logistics Coordinator,6,G8,Supply Chain,Operations,Operations,Dammam,E11725,Melanie Pierce,93300.0,P11196,Filled,Full-Time,On-site,3,4.9
E13687,Mark Allen,Male,34,2016-12-09,Active,Warehouse Associate,6,G5,Supply Chain,Operations,Operations,Dammam,E11725,Melanie Pierce,123700.0,P11197,Filled,Full-Time,On-site,3,9.8
E13629,Matthew Espinoza,Male,34,2020-04-19,Active,Inventory Specialist,6,G6,Supply Chain,Operations,Operations,Dammam,E11725,Melanie Pierce,105500.0,P11198,Filled,Part-Time,On-site,2,6.4
E11262,Richard Jones,Male,34,2023-01-01,Active,Inventory Specialist,6,G6,Supply Chain,Operations,Operations,Dammam,E11725,Melanie Pierce,89400.0,P11199,Filled,Contractor,On-site,3,3.7
E11788,William Mendoza,Male,31,2019-09-23,Active,Inventory Specialist,6,G5,Supply Chain,Operations,Operations,Dammam,E11725,Melanie Pierce,92400.0,P11200,Filled,Full-Time,On-site,3,7.0
E14048,Jennifer Hunter,Female,35,2020-08-14,Active,Warehouse Associate,6,G6,Supply Chain,Operations,Operations,Dammam,E11725,Melanie Pierce,105500.0,P11201,Filled,Full-Time,On-site,3,6.1
E13229,Tami Holt,Female,30,2022-03-23,Active,Warehouse Supervisor,5,G11,Supply Chain,Operations,Operations,Jeddah,E12964,Ashley Torres,130800.0,P11202,Filled,Full-Time,On-site,4,4.5
E10614,Kimberly Gibbs,Female,32,2022-01-09,Active,Warehouse Associate,6,G8,Supply Chain,Operations,Operations,Jeddah,E13229,Tami Holt,94300.0,P11203,Filled,Full-Time,On-site,3,4.7
E13648,Ian Woodard,Male,37,2017-03-06,Active,Supply Chain Analyst,6,G8,Supply Chain,Operations,Operations,Jeddah,E13229,Tami Holt,100000.0,P11204,Filled,Full-Time,On-site,2,9.6
E10926,Joshua Little,Male,35,2015-05-20,Active,Inventory Specialist,6,G6,Supply Chain,Operations,Operations,Jeddah,E13229,Tami Holt,94400.0,P11205,Filled,Full-Time,On-site,3,11.4
E11338,Angela Mack,Female,25,2022-09-25,Active,Supply Chain Analyst,6,G6,Supply Chain,Operations,Operations,Jeddah,E13229,Tami Holt,88900.0,P11206,Filled,Full-Time,On-site,4,4.0
E13071,Mary Kelly,Female,33,2022-02-15,Active,Warehouse Associate,6,G7,Supply Chain,Operations,Operations,Jeddah,E13229,Tami Holt,107000.0,P11207,Filled,Full-Time,On-site,4,4.6
E11236,Matthew Williams,Male,29,2024-09-23,Active,Forklift Operator,6,G7,Supply Chain,Operations,Operations,Jeddah,E13229,Tami Holt,,P11208,Filled,Full-Time,Hybrid,4,2.0
E11537,Victoria Byrd,Female,43,2024-07-09,Active,Supply Chain Analyst,6,G7,Supply Chain,Operations,Operations,Jeddah,E13229,Tami Holt,88700.0,P11209,Filled,Full-Time,On-site,4,2.2
E12089,Jennifer Goodwin,Female,40,2011-11-09,Active,Warehouse Associate,6,G6,Supply Chain,Operations,Operations,Jeddah,E13229,Tami Holt,108400.0,P11210,Filled,Full-Time,On-site,5,14.9
E13626,Vincent Jordan,Male,27,2020-09-25,Active,Warehouse Associate,6,G5,Supply Chain,Operations,Operations,Jeddah,E13229,Tami Holt,93300.0,P11211,Filled,Full-Time,On-site,5,6.0
E14153,Adam Green,Male,26,2021-10-14,Active,Inventory Specialist,6,G7,Supply Chain,Operations,Operations,Jeddah,E13229,Tami Holt,91800.0,P11212,Filled,Full-Time,On-site,3,4.9
E13601,Jorge Stone,Male,30,2025-01-02,Active,Inventory Specialist,6,G8,Supply Chain,Operations,Operations,Jeddah,E13229,Tami Holt,96200.0,P11213,Filled,Full-Time,Hybrid,4,1.7
E14670,Lauren Johnston,Female,39,2014-05-02,Active,Supply Chain Manager,4,G13,Supply Chain,Operations,Operations,Riyadh,E14270,Kirk Gonzalez,211900.0,P11214,Filled,Full-Time,On-site,3,12.4
E11155,Jeremy Myers,Male,43,2021-02-22,Active,Warehouse Supervisor,5,G10,Supply Chain,Operations,Operations,Dammam,E14670,Lauren Johnston,164500.0,P11215,Filled,Full-Time,Hybrid,4,5.6
E14172,Raymond Chapman,Male,26,2025-03-23,Active,Inventory Specialist,6,G6,Supply Chain,Operations,Operations,Dammam,E11155,Jeremy Myers,92200.0,P11216,Filled,Full-Time,On-site,3,1.5
E10525,Jonathan Cooper,Male,33,2025-05-02,Active,Logistics Coordinator,6,G5,Supply Chain,Operations,Operations,Dammam,E11155,Jeremy Myers,74400.0,P11217,Filled,Full-Time,On-site,3,1.4
E12853,Allison Garcia,Female,39,2022-07-08,Active,Logistics Coordinator,6,G6,Supply Chain,Operations,Operations,Dammam,E11155,Jeremy Myers,72100.0,P11218,Filled,Contractor,On-site,3,4.2
E14241,Jason Nixon,Male,30,2021-08-30,On Leave,Logistics Coordinator,6,G7,Supply Chain,Operations,Operations,Dammam,E11155,Jeremy Myers,84600.0,P11219,Filled,Full-Time,On-site,4,5.1
E14117,Audrey Shepard,Female,26,2021-09-25,Active,Warehouse Associate,6,G7,Supply Chain,Operations,Operations,Dammam,E11155,Jeremy Myers,75500.0,P11220,Filled,Full-Time,On-site,3,5.0
E14485,Brenda Collins,Female,32,2025-12-28,Active,Forklift Operator,6,G6,Supply Chain,Operations,Operations,Dammam,E11155,Jeremy Myers,90000.0,P11221,Filled,Full-Time,On-site,3,0.7
E14084,Jordan Clark,Female,30,2022-07-16,Active,Supply Chain Analyst,6,G7,Supply Chain,Operations,Operations,Dammam,E11155,Jeremy Myers,109800.0,P11222,Filled,Full-Time,On-site,2,4.2
E10364,John Alvarez,Male,29,2023-11-17,Active,Forklift Operator,6,G9,Supply Chain,Operations,Operations,Dammam,E11155,Jeremy Myers,87300.0,P11223,Filled,Full-Time,On-site,4,2.9
E10020,Jessica Horton,Female,25,2025-07-30,Active,Warehouse Associate,6,G6,Supply Chain,Operations,Operations,Dammam,E11155,Jeremy Myers,86200.0,P11224,Filled,Full-Time,On-site,3,1.2
E14112,Francis Evans,Male,37,2020-07-10,Active,Warehouse Supervisor,5,G10,Supply Chain,Operations,Operations,Riyadh,E14670,Lauren Johnston,147000.0,P11225,Filled,Full-Time,On-site,5,6.2
E11317,Robert Wilson,Male,33,2021-10-06,Active,Supply Chain Analyst,6,G5,Supply Chain,Operations,Operations,Riyadh,E14112,Francis Evans,110000.0,P11226,Filled,Full-Time,On-site,5,5.0
E10534,Samuel Wong,Male,33,2021-12-05,Active,Supply Chain Analyst,6,G9,Supply Chain,Operations,Operations,Riyadh,E14112,Francis Evans,107100.0,P11227,Filled,Full-Time,Hybrid,3,4.8
E14612,Megan Martin,Female,33,2022-01-20,Active,Inventory Specialist,6,G8,Supply Chain,Operations,Operations,Riyadh,E14112,Francis Evans,109500.0,P11228,Filled,Full-Time,On-site,3,4.7
E14479,Victoria Sanchez,Female,25,2022-09-25,Active,Logistics Coordinator,6,G7,Supply Chain,Operations,Operations,Riyadh,E14112,Francis Evans,83000.0,P11229,Filled,Full-Time,On-site,4,4.0
E11498,Carrie Moore,Female,34,2022-04-01,Active,Supply Chain Analyst,6,G6,Supply Chain,Operations,Operations,Riyadh,E14112,Francis Evans,98100.0,P11230,Filled,Full-Time,Hybrid,4,4.5
E14824,Kristin Mullen,Female,35,2016-04-28,Active,Logistics Coordinator,6,G9,Supply Chain,Operations,Operations,Riyadh,E14112,Francis Evans,88100.0,P11231,Filled,Part-Time,On-site,5,10.4
E13777,David Sullivan,Male,23,2024-09-25,Active,Supply Chain Analyst,6,G6,Supply Chain,Operations,Operations,Riyadh,E14112,Francis Evans,95400.0,P11232,Filled,Full-Time,On-site,2,2.0
E11152,Cody Davidson,Male,31,2024-09-03,Active,Warehouse Associate,6,G6,Supply Chain,Operations,Operations,Riyadh,E14112,Francis Evans,91800.0,P11233,Filled,Contractor,On-site,4,2.1
E10607,Jessica Johnson,Female,36,2023-01-10,Active,Supply Chain Analyst,6,G6,Supply Chain,Operations,Operations,Riyadh,E14112,Francis Evans,88200.0,P11234,Filled,Contractor,On-site,3,3.7
E14178,Lisa Gonzalez,Female,32,2015-11-05,Active,Forklift Operator,6,G9,Supply Chain,Operations,Operations,Riyadh,E14112,Francis Evans,101900.0,P11235,Filled,Full-Time,On-site,5,10.9
E10905,Kevin Price,Male,21,2026-08-20,Active,Forklift Operator,6,G6,Supply Chain,Operations,Operations,Dammam,E14112,Francis Evans,89700.0,P11236,Filled,Full-Time,On-site,4,0.1
E11170,Michael Harris,Male,36,2021-02-14,On Leave,Inventory Specialist,6,G6,Supply Chain,Operations,Operations,Riyadh,E14112,Francis Evans,100300.0,P11237,Filled,Full-Time,On-site,2,5.6
E11443,Nicole Stokes,Female,27,2020-09-25,Active,Warehouse Supervisor,5,G11,Supply Chain,Operations,Operations,Riyadh,E14670,Lauren Johnston,171400.0,P11238,Filled,Full-Time,On-site,4,6.0
E12754,Amy Garcia,Female,22,2025-09-25,Active,Supply Chain Analyst,6,G7,Supply Chain,Operations,Operations,Dammam,E11443,Nicole Stokes,78800.0,P11239,Filled,Full-Time,On-site,3,1.0
E10173,Shelby Lopez,Female,33,2022-10-30,Active,Forklift Operator,6,G9,Supply Chain,Operations,Operations,Riyadh,E11443,Nicole Stokes,79700.0,P11240,Filled,Full-Time,Hybrid,4,3.9
E14994,Gabriel Ellis,Male,23,2024-09-25,Active,Inventory Specialist,6,G6,Supply Chain,Operations,Operations,Riyadh,E11443,Nicole Stokes,86500.0,P11241,Filled,Full-Time,On-site,2,2.0
E13921,Dennis Huffman,Male,39,2015-03-20,Active,Inventory Specialist,6,G6,Supply Chain,Operations,Operations,Riyadh,E11443,Nicole Stokes,113100.0,P11242,Filled,Full-Time,On-site,3,11.5
E13289,Kelsey Fowler,Female,26,2025-11-21,Active,Inventory Specialist,6,G6,Supply Chain,Operations,Operations,Riyadh,E11443,Nicole Stokes,89700.0,P11243,Filled,Full-Time,On-site,3,0.8
E11823,Kyle Carr,Male,35,2017-10-11,Active,Forklift Operator,6,G9,Supply Chain,Operations,Operations,Riyadh,E11443,Nicole Stokes,105100.0,P11244,Filled,Full-Time,On-site,3,9.0
E12307,Kevin Bailey,Male,27,2020-09-25,Active,Inventory Specialist,6,G8,Supply Chain,Operations,Operations,Riyadh,E11443,Nicole Stokes,85300.0,P11245,Filled,Full-Time,Hybrid,4,6.0
E14624,Ryan Williamson,Male,27,2020-09-25,Active,Forklift Operator,6,G5,Supply Chain,Operations,Operations,Riyadh,E11443,Nicole Stokes,105600.0,P11246,Filled,Full-Time,On-site,5,6.0
E13147,Robin Mccarthy,Female,26,2023-10-15,Active,Logistics Coordinator,6,G6,Supply Chain,Operations,Operations,Riyadh,E11443,Nicole Stokes,95400.0,P11247,Filled,Contractor,Hybrid,3,2.9
E10067,Elizabeth Mendez,Female,28,2020-07-26,Active,Warehouse Associate,6,G5,Supply Chain,Operations,Operations,Riyadh,E11443,Nicole Stokes,91900.0,P11248,Filled,Full-Time,On-site,3,6.2
E14810,Angela Anderson,Female,57,2022-02-22,Active,"Director, Customer Operations",2,G16,Customer Operations,Operations,Operations,Riyadh,E10647,Gina Chavez,343200.0,P11249,Filled,Full-Time,On-site,2,4.6
E12123,Bruce Torres,Male,44,2013-12-21,Active,Customer Operations Manager,4,G13,Customer Operations,Operations,Operations,Riyadh,E14810,Angela Anderson,194700.0,P11250,Filled,Full-Time,Hybrid,3,12.8
E13076,Clayton Steele,Male,34,2021-08-21,Terminated,Customer Service Supervisor,5,G10,Customer Operations,Operations,Operations,Cairo,E12123,Bruce Torres,133100.0,P11251,Filled,Full-Time,Remote,3,5.1
E10060,Kayla Barnes,Female,21,2026-08-20,Active,Customer Service Agent,6,G8,Customer Operations,Operations,Operations,Cairo,E13076,Clayton Steele,71100.0,P11252,Filled,Full-Time,Hybrid,2,0.1
E13517,Brenda Reyes,Female,32,2022-07-17,On Leave,Customer Service Agent,6,G7,Customer Operations,Operations,Operations,Cairo,E13076,Clayton Steele,75700.0,P11253,Filled,Full-Time,On-site,3,4.2
E11581,Cody Reid,Male,34,2020-01-17,Active,Customer Support Specialist,6,G5,Customer Operations,Operations,Operations,Cairo,E13076,Clayton Steele,74600.0,P11254,Filled,Full-Time,Hybrid,4,6.7
E13378,Melissa Brewer,Female,33,2021-05-26,Active,Customer Support Specialist,6,G9,Customer Operations,Operations,Operations,Cairo,E13076,Clayton Steele,91600.0,P11255,Filled,Full-Time,On-site,3,5.3
E11542,Zoe Peters,Female,32,2021-02-10,Active,Senior Customer Service Agent,6,G7,Customer Operations,Operations,Operations,Cairo,E13076,Clayton Steele,113900.0,P11256,Filled,Full-Time,On-site,2,5.6
E13510,John Taylor,Male,28,2019-09-26,Active,Customer Service Agent,6,G6,Customer Operations,Operations,Operations,Cairo,E13076,Clayton Steele,87900.0,P11257,Filled,Full-Time,On-site,3,7.0
E13783,Ernest Hayes,Male,26,2021-09-25,Active,Call Center Agent,6,G9,Customer Operations,Operations,Operations,Riyadh,E13076,Clayton Steele,75100.0,P11258,Filled,Full-Time,Hybrid,3,5.0
E11502,Anthony Howard,Male,21,2026-08-20,Active,Call Center Agent,6,G6,Customer Operations,Operations,Operations,Cairo,E13076,Clayton Steele,82900.0,P11259,Filled,Full-Time,On-site,4,0.1
,,,,,,Senior Customer Service Agent,6,G6,Customer Operations,Operations,Operations,Riyadh,E13076,Clayton Steele,,P11260,Vacant,,,,
E11849,Adam Taylor,Male,32,2020-08-05,Active,Call Center Agent,6,G7,Customer Operations,Operations,Operations,Riyadh,E13076,Clayton Steele,96400.0,P11261,Filled,Full-Time,On-site,5,6.1
E10856,Robin Maynard,Female,25,2022-09-25,Active,Customer Support Specialist,6,G5,Customer Operations,Operations,Operations,Cairo,E13076,Clayton Steele,76800.0,P11262,Filled,Full-Time,On-site,3,4.0
E12427,Jonathan Simpson,Male,27,2020-09-25,Active,Customer Support Specialist,6,G5,Customer Operations,Operations,Operations,Cairo,E13076,Clayton Steele,85900.0,P11263,Filled,Full-Time,Remote,3,6.0
E13621,Michael Perry,Male,29,2018-09-25,Active,Customer Service Supervisor,5,G10,Customer Operations,Operations,Operations,Riyadh,E12123,Bruce Torres,129800.0,P11264,Filled,Full-Time,Remote,5,8.0
E10619,Ryan Burns,Male,35,2017-12-25,Active,Senior Customer Service Agent,6,G6,Customer Operations,Operations,Operations,Riyadh,E13621,Michael Perry,94200.0,P11265,Filled,Full-Time,On-site,5,8.8
E12370,Bradley Johnson,Male,25,2022-09-25,Active,Customer Support Specialist,6,G5,Customer Operations,Operations,Operations,Riyadh,E13621,Michael Perry,69200.0,P11266,Filled,Full-Time,On-site,2,4.0
E10574,Philip Carter,Male,25,2022-09-25,Active,Customer Service Agent,6,G6,Customer Operations,Operations,Operations,Riyadh,E13621,Michael Perry,,P11267,Filled,Full-Time,Hybrid,2,4.0
E13364,Donald Medina,Male,43,2020-08-19,Active,Customer Support Specialist,6,G8,Customer Operations,Operations,Operations,Riyadh,E13621,Michael Perry,85100.0,P11268,Filled,Full-Time,On-site,3,6.1
E14213,Carol Ellis,Female,27,2023-09-09,Active,Senior Customer Service Agent,6,G9,Customer Operations,Operations,Operations,Riyadh,E13621,Michael Perry,94100.0,P11269,Filled,Full-Time,Remote,5,3.0
E10543,Patrick Cannon,Male,35,2017-06-10,Active,Senior Customer Service Agent,6,G8,Customer Operations,Operations,Operations,Riyadh,E13621,Michael Perry,118000.0,P11270,Filled,Contractor,On-site,2,9.3
E12473,Krista Wilson,Female,36,2024-09-26,Active,Customer Service Agent,6,G6,Customer Operations,Operations,Operations,Riyadh,E13621,Michael Perry,78200.0,P11271,Filled,Full-Time,On-site,5,2.0
E12388,Brian Hampton,Male,28,2022-08-02,Active,Customer Support Specialist,6,G9,Customer Operations,Operations,Operations,Cairo,E13621,Michael Perry,72200.0,P11272,Filled,Full-Time,On-site,4,4.1
E12692,Rodney Richardson,Male,23,2024-09-25,Active,Call Center Agent,6,G6,Customer Operations,Operations,Operations,Riyadh,E13621,Michael Perry,90000.0,P11273,Filled,Full-Time,Hybrid,5,2.0
E14276,Rodney Williams,Male,26,2021-09-25,Active,Customer Support Specialist,6,G8,Customer Operations,Operations,Operations,Riyadh,E13621,Michael Perry,73200.0,P11274,Filled,Contractor,On-site,3,5.0
E13729,Nathan Payne,Male,34,2019-04-22,Active,Customer Service Supervisor,5,G11,Customer Operations,Operations,Operations,Riyadh,E12123,Bruce Torres,127000.0,P11275,Filled,Full-Time,On-site,4,7.4
E11454,William Garcia,Male,26,2021-09-25,Active,Call Center Agent,6,G8,Customer Operations,Operations,Operations,Riyadh,E13729,Nathan Payne,93900.0,P11276,Filled,Full-Time,Hybrid,3,5.0
E10935,Sandra Potter,Female,21,2026-08-20,Active,Customer Support Specialist,6,G9,Customer Operations,Operations,Operations,Riyadh,E13729,Nathan Payne,83200.0,P11277,Filled,Full-Time,On-site,2,0.1
E13443,Edward Kidd,Male,32,2017-08-08,Active,Call Center Agent,6,G6,Customer Operations,Operations,Operations,Riyadh,E13729,Nathan Payne,91600.0,P11278,Filled,Contractor,Remote,2,9.1
E11884,Joanna Bailey,Female,41,2019-07-28,Active,Senior Customer Service Agent,6,G10,Customer Operations,Operations,Operations,Cairo,E13729,Nathan Payne,107600.0,P11279,Filled,Full-Time,On-site,3,7.2
E10223,Ruth Gonzales,Female,35,2012-09-25,Active,Customer Support Specialist,6,G7,Customer Operations,Operations,Operations,Riyadh,E13729,Nathan Payne,89700.0,P11280,Filled,Full-Time,On-site,3,14.0
E11163,Xavier Rowe,Male,30,2021-05-28,Active,Customer Service Agent,6,G5,Customer Operations,Operations,Operations,Riyadh,E13729,Nathan Payne,101500.0,P11281,Filled,Full-Time,Remote,3,5.3
E14365,David Cochran,Male,34,2018-11-24,Active,Customer Support Specialist,6,G6,Customer Operations,Operations,Operations,Riyadh,E13729,Nathan Payne,100500.0,P11282,Filled,Full-Time,On-site,3,7.8
E14556,Kevin Bell,Male,27,2024-05-18,Active,Customer Support Specialist,6,G8,Customer Operations,Operations,Operations,Riyadh,E13729,Nathan Payne,85700.0,P11283,Filled,Full-Time,Remote,3,2.4
E10392,Michael Chen,Male,29,2022-03-13,Active,Customer Service Agent,6,G7,Customer Operations,Operations,Operations,Riyadh,E13729,Nathan Payne,87800.0,P11284,Filled,Full-Time,On-site,5,4.5
E10931,Carol Taylor,Female,36,2024-03-21,Active,Call Center Agent,6,G7,Customer Operations,Operations,Operations,Riyadh,E13729,Nathan Payne,81200.0,P11285,Filled,Full-Time,On-site,3,2.5
E10649,Daniel Clark,Male,29,2025-04-18,Active,Senior Customer Service Agent,6,G9,Customer Operations,Operations,Operations,Riyadh,E13729,Nathan Payne,100500.0,P11286,Filled,Full-Time,On-site,4,1.4
,,,,,,Senior Customer Service Agent,6,G8,Customer Operations,Operations,Operations,Cairo,E13729,Nathan Payne,,P11287,Vacant,,,,
E10013,Anthony Bell,Male,21,2026-08-20,Active,Call Center Agent,6,G8,Customer Operations,Operations,Operations,Riyadh,E13729,Nathan Payne,74400.0,P11288,Filled,Full-Time,Remote,3,0.1
E13612,Diana Ryan,Female,38,2025-07-04,Active,Customer Support Specialist,6,G7,Customer Operations,Operations,Operations,Riyadh,E13729,Nathan Payne,74000.0,P11289,Filled,Full-Time,Hybrid,3,1.2
E11075,Franklin Padilla,Male,32,2018-03-08,Active,Customer Support Specialist,6,G9,Customer Operations,Operations,Operations,Riyadh,E13729,Nathan Payne,98300.0,P11290,Filled,Full-Time,On-site,1,8.6
E13525,Donna Adams,Female,27,2021-06-01,Active,Call Center Agent,6,G9,Customer Operations,Operations,Operations,Riyadh,E13729,Nathan Payne,74700.0,P11291,Filled,Full-Time,Hybrid,4,5.3
E11232,Shannon Duke,Female,24,2023-09-26,Active,Customer Support Specialist,6,G8,Customer Operations,Operations,Operations,Riyadh,E13729,Nathan Payne,65100.0,P11292,Filled,Full-Time,On-site,3,3.0
E11036,Michael Davis,Male,27,2023-09-28,Active,Senior Customer Service Agent,6,G8,Customer Operations,Operations,Operations,Riyadh,E13729,Nathan Payne,115100.0,P11293,Filled,Full-Time,Hybrid,3,3.0
,,,,,,Senior Customer Service Agent,6,G8,Customer Operations,Operations,Operations,Riyadh,E13729,Nathan Payne,,P11294,Vacant,,,,
E13658,Tonya Floyd,Female,33,2019-08-19,Active,Call Center Agent,6,G6,Customer Operations,Operations,Operations,Riyadh,E13729,Nathan Payne,86200.0,P11295,Filled,Full-Time,On-site,3,7.1
E10157,Tamara Riddle,Female,32,2024-07-19,Active,Customer Service Agent,6,G5,Customer Operations,Operations,Operations,Riyadh,E13729,Nathan Payne,72600.0,P11296,Filled,Full-Time,Hybrid,2,2.2
E14003,Sean Martinez,Male,27,2023-01-06,Active,Customer Service Agent,6,G6,Customer Operations,Operations,Operations,Riyadh,E13729,Nathan Payne,70200.0,P11297,Filled,Full-Time,On-site,4,3.7
E11545,Sean Wright,Male,32,2022-04-03,Active,Call Center Agent,6,G5,Customer Operations,Operations,Operations,Riyadh,E13729,Nathan Payne,73500.0,P11298,Filled,Full-Time,Remote,3,4.5
E10920,Michelle Poole,Female,42,2024-10-27,Active,Customer Support Specialist,6,G5,Customer Operations,Operations,Operations,Riyadh,E13729,Nathan Payne,74400.0,P11299,Filled,Full-Time,On-site,3,1.9
E13258,Philip Lowe,Male,25,2022-09-25,Active,Call Center Agent,6,G8,Customer Operations,Operations,Operations,Riyadh,E13729,Nathan Payne,92100.0,P11300,Filled,Full-Time,Remote,1,4.0
E14890,Katherine Ray,Female,31,2025-10-26,Active,Senior Customer Service Agent,6,G9,Customer Operations,Operations,Operations,Riyadh,E13729,Nathan Payne,78600.0,P11301,Filled,Contractor,Hybrid,3,0.9
E14020,Derrick Perry,Male,33,2021-05-17,Active,Customer Support Specialist,6,G6,Customer Operations,Operations,Operations,Riyadh,E13729,Nathan Payne,81000.0,P11302,Filled,Full-Time,On-site,4,5.4
E10188,Jesse Schultz,Male,23,2024-09-25,Active,Senior Customer Service Agent,6,G10,Customer Operations,Operations,Operations,Riyadh,E13729,Nathan Payne,99300.0,P11303,Filled,Full-Time,Hybrid,3,2.0
E10704,Spencer Davis,Male,30,2023-10-15,Active,Customer Support Specialist,6,G5,Customer Operations,Operations,Operations,Riyadh,E13729,Nathan Payne,68400.0,P11304,Filled,Full-Time,On-site,2,2.9
E10201,Jose Ramirez,Male,27,2025-03-12,Active,Customer Support Specialist,6,G5,Customer Operations,Operations,Operations,Riyadh,E13729,Nathan Payne,81200.0,P11305,Filled,Contractor,On-site,5,1.5
E10381,Taylor Wood,Female,34,2026-01-23,Active,Customer Support Specialist,6,G5,Customer Operations,Operations,Operations,Riyadh,E13729,Nathan Payne,84800.0,P11306,Filled,Full-Time,On-site,4,0.7
E14729,Travis Murphy,Male,33,2018-01-24,Active,Customer Support Specialist,6,G6,Customer Operations,Operations,Operations,Cairo,E13729,Nathan Payne,72500.0,P11307,Filled,Full-Time,Hybrid,3,8.7
E14759,Aaron Schroeder,Male,42,2022-02-27,Active,Customer Service Agent,6,G6,Customer Operations,Operations,Operations,Riyadh,E13729,Nathan Payne,67100.0,P11308,Filled,Full-Time,Remote,2,4.6
E10336,Morgan Simon,Female,21,2026-08-20,Active,Customer Service Agent,6,G8,Customer Operations,Operations,Operations,Riyadh,E13729,Nathan Payne,83100.0,P11309,Filled,Contractor,Remote,3,0.1
E13150,Jimmy Beck,Male,46,2019-05-30,Active,Customer Operations Manager,4,G13,Customer Operations,Operations,Operations,Riyadh,E14810,Angela Anderson,205400.0,P11310,Filled,Full-Time,On-site,2,7.3
E12748,Heather Brown,Female,31,2018-12-22,Active,Customer Service Supervisor,5,G11,Customer Operations,Operations,Operations,Riyadh,E13150,Jimmy Beck,144100.0,P11311,Filled,Full-Time,Remote,1,7.8
E13904,Joseph Robinson,Male,34,2019-10-27,Active,Senior Customer Service Agent,6,G9,Customer Operations,Operations,Operations,Riyadh,E12748,Heather Brown,113700.0,P11312,Filled,Full-Time,Hybrid,3,6.9
E12308,Jeffrey Lewis,Male,21,2026-08-20,Active,Customer Service Agent,6,G6,Customer Operations,Operations,Operations,Riyadh,E90003,Connie Cunningham,87200.0,P11313,Filled,Full-Time,Hybrid,3,0.1
E12282,Debra Clayton,Female,31,2022-05-12,Active,Customer Support Specialist,6,G5,Customer Operations,Operations,Operations,Cairo,E12748,Heather Brown,76200.0,P11314,Filled,Full-Time,On-site,3,4.4
,,,,,,Customer Support Specialist,6,G7,Customer Operations,Operations,Operations,Riyadh,E12748,Heather Brown,,P11315,Vacant,,,,
E14782,Gail Lane,Female,30,2019-10-14,Active,Customer Service Agent,6,G7,Customer Operations,Operations,Operations,Riyadh,E12748,Heather Brown,80400.0,P11316,Filled,Full-Time,On-site,2,7.0
E13254,Kylie Washington,Female,34,2020-11-30,On Leave,Senior Customer Service Agent,6,G9,Customer Operations,Operations,Operations,Riyadh,E12748,Heather Brown,106400.0,P11317,Filled,Full-Time,On-site,3,5.8
E12463,Gregg Fleming,Male,33,2023-05-21,Active,Customer Service Agent,6,G9,Customer Operations,Operations,Operations,Riyadh,E12748,Heather Brown,82400.0,P11318,Filled,Full-Time,On-site,3,3.4
,,,,,,Customer Service Agent,6,G5,Customer Operations,Operations,Operations,Cairo,E12748,Heather Brown,,P11319,Vacant,,,,
E14120,Anthony Garcia,Male,33,2014-09-25,Active,Customer Support Specialist,6,G8,Customer Operations,Operations,Operations,Cairo,E12748,Heather Brown,109700.0,P11320,Filled,Full-Time,Remote,3,12.0
E12495,Rachel Stevens,Female,30,2024-10-10,Active,Customer Support Specialist,6,G6,Customer Operations,Operations,Operations,Riyadh,E12748,Heather Brown,81200.0,P11321,Filled,Full-Time,Hybrid,4,2.0
E11289,Becky Mathews,Female,32,2021-10-16,Active,Senior Customer Service Agent,6,G7,Customer Operations,Operations,Operations,Riyadh,E12748,Heather Brown,92300.0,P11322,Filled,Full-Time,On-site,3,4.9
E14572,Jeremy Smith,Male,31,2023-03-24,Active,Customer Service Supervisor,5,G11,Customer Operations,Operations,Operations,Riyadh,E13150,Jimmy Beck,112000.0,P11323,Filled,Full-Time,On-site,3,3.5
E14990,Tyler Harris,Male,38,2015-08-10,Active,Call Center Agent,6,G8,Customer Operations,Operations,Operations,Riyadh,E14572,Jeremy Smith,94200.0,P11324,Filled,Full-Time,Remote,3,11.1
E13467,Melissa Anderson,Female,32,2021-07-10,Active,Customer Service Agent,6,G6,Customer Operations,Operations,Operations,Riyadh,E14572,Jeremy Smith,69700.0,P11325,Filled,Contractor,On-site,2,5.2
,,,,,,Customer Support Specialist,6,G7,Customer Operations,Operations,Operations,Riyadh,E14572,Jeremy Smith,,P11326,Vacant,,,,
E12102,Matthew Moore,Male,39,2019-12-12,Active,Call Center Agent,6,G7,Customer Operations,Operations,Operations,Riyadh,E14572,Jeremy Smith,94400.0,P11327,Filled,Full-Time,On-site,4,6.8
E12833,Timothy Hill,Male,39,2025-10-07,Active,Call Center Agent,6,G5,Customer Operations,Operations,Operations,Riyadh,E14572,Jeremy Smith,71000.0,P11328,Filled,Full-Time,On-site,3,1.0
E10562,Matthew Wright,Male,23,2024-09-25,Active,Customer Support Specialist,6,G5,Customer Operations,Operations,Operations,Riyadh,E14572,Jeremy Smith,59600.0,P11329,Filled,Full-Time,On-site,2,2.0
E13594,Jacob Mckee,Male,24,2023-09-26,On Leave,Senior Customer Service Agent,6,G9,Customer Operations,Operations,Operations,Riyadh,E14572,Jeremy Smith,85500.0,P11330,Filled,Full-Time,On-site,2,3.0
E14649,Carol Sanders,Female,37,2022-08-01,Active,Customer Support Specialist,6,G6,Customer Operations,Operations,Operations,Riyadh,E14572,Jeremy Smith,91000.0,P11331,Filled,Contractor,On-site,2,4.2
E10260,Elizabeth Lyons,Female,31,2018-04-01,Active,Customer Service Agent,6,G8,Customer Operations,Operations,Operations,Riyadh,E14572,Jeremy Smith,95600.0,P11332,Filled,Full-Time,Hybrid,4,8.5
E10307,Cynthia Rios,Female,40,2021-11-10,Active,Customer Service Supervisor,5,G11,Customer Operations,Operations,Operations,Riyadh,E13150,Jimmy Beck,131200.0,P11333,Filled,Full-Time,On-site,4,4.9
E10127,Michele Smith,Female,26,2021-09-25,Active,Call Center Agent,6,G8,Customer Operations,Operations,Operations,Riyadh,E10307,Cynthia Rios,82300.0,P11334,Filled,Full-Time,On-site,3,5.0
E12437,Karen Anderson,Female,23,2024-09-25,Active,Senior Customer Service Agent,6,G10,Customer Operations,Operations,Operations,Riyadh,E10307,Cynthia Rios,95000.0,P11335,Filled,Full-Time,On-site,4,2.0
E14765,Courtney Frazier,Female,27,2021-02-28,Active,Customer Service Agent,6,G7,Customer Operations,Operations,Operations,Riyadh,E10307,Cynthia Rios,82700.0,P11336,Filled,Full-Time,On-site,3,5.6
E14712,Adam Dominguez,Male,30,2022-08-03,On Leave,Customer Support Specialist,6,G5,Customer Operations,Operations,Operations,Riyadh,E10307,Cynthia Rios,84300.0,P11337,Filled,Full-Time,On-site,5,4.1
E14271,Robert Mcneil,Male,27,2020-11-06,Active,Customer Support Specialist,6,G6,Customer Operations,Operations,Operations,Riyadh,E10307,Cynthia Rios,71100.0,P11338,Filled,Full-Time,Hybrid,1,5.9
E14881,Jay Anderson,Male,21,2026-08-20,Active,Senior Customer Service Agent,6,G8,Customer Operations,Operations,Operations,Riyadh,E10307,Cynthia Rios,83700.0,P11339,Filled,Full-Time,On-site,4,0.1
E13880,Benjamin Reyes,Male,40,2009-02-20,Active,Customer Support Specialist,6,G7,Customer Operations,Operations,Operations,Riyadh,E10307,Cynthia Rios,104800.0,P11340,Filled,Full-Time,On-site,2,17.6
,,,,,,Customer Service Agent,6,G5,Customer Operations,Operations,Operations,Riyadh,E10307,Cynthia Rios,,P11341,Vacant,,,,
E11018,Nicholas Garcia,Male,31,2023-12-24,Active,Customer Service Agent,6,G8,Customer Operations,Operations,Operations,Riyadh,E10307,Cynthia Rios,78400.0,P11342,Filled,Full-Time,On-site,3,2.8
E10699,Emily Ibarra,Female,35,2023-03-11,Active,Senior Customer Service Agent,6,G8,Customer Operations,Operations,Operations,Riyadh,E10307,Cynthia Rios,118300.0,P11343,Filled,Full-Time,Remote,3,3.5
E12945,Chad Ayala,Male,29,2023-08-24,Active,Call Center Agent,6,G8,Customer Operations,Operations,Operations,Riyadh,E10307,Cynthia Rios,68800.0,P11344,Filled,Full-Time,Remote,4,3.1
E14861,Paul Anderson,Male,43,2026-03-31,Active,Senior Customer Service Agent,6,G7,Customer Operations,Operations,Operations,Riyadh,E10307,Cynthia Rios,94400.0,P11345,Filled,Full-Time,On-site,3,0.5
E11767,Wendy Thomas,Female,41,2015-06-04,Active,Customer Service Agent,6,G7,Customer Operations,Operations,Operations,Cairo,E10307,Cynthia Rios,98000.0,P11346,Filled,Full-Time,Hybrid,2,11.3
E14656,Joseph Smith,Male,43,2018-12-24,Active,Customer Operations Manager,4,G13,Customer Operations,Operations,Operations,Cairo,E14810,Angela Anderson,168500.0,P11347,Filled,Full-Time,On-site,3,7.8
E12541,Marie Alexander,Female,35,2017-07-12,Active,Customer Service Supervisor,5,G10,Customer Operations,Operations,Operations,Cairo,E14656,Joseph Smith,165000.0,P11348,Filled,Full-Time,On-site,4,9.2
E10960,Nathan Fuller,Male,32,2022-12-30,Active,Senior Customer Service Agent,6,G7,Customer Operations,Operations,Operations,Cairo,E12541,Marie Alexander,101000.0,P11349,Filled,Full-Time,On-site,3,3.7
E10746,Christian Jenkins,Male,35,2017-06-16,Active,Call Center Agent,6,G7,Customer Operations,Operations,Operations,Cairo,E12541,Marie Alexander,89900.0,P11350,Filled,Full-Time,On-site,5,9.3
,,,,,,Call Center Agent,6,G8,Customer Operations,Operations,Operations,Cairo,E12541,Marie Alexander,,P11351,Vacant,,,,
E10742,Michael Heath,Male,47,2017-05-04,Active,Call Center Agent,6,G8,Customer Operations,Operations,Operations,Cairo,E12541,Marie Alexander,70600.0,P11352,Filled,Full-Time,On-site,5,9.4
E14221,Brandon Garcia,Male,32,2020-12-19,Active,Customer Service Agent,6,G8,Customer Operations,Operations,Operations,Cairo,E12541,Marie Alexander,86100.0,P11353,Filled,Full-Time,On-site,4,5.8
,,,,,,Senior Customer Service Agent,6,G9,Customer Operations,Operations,Operations,Cairo,E12541,Marie Alexander,,P11354,Vacant,,,,
E14969,Paul Lawrence,Male,33,2024-08-09,Active,Senior Customer Service Agent,6,G8,Customer Operations,Operations,Operations,Cairo,E12541,Marie Alexander,99700.0,P11355,Filled,Full-Time,Remote,3,2.1
E11455,Janet Richmond,Female,22,2025-09-25,Active,Senior Customer Service Agent,6,G6,Customer Operations,Operations,Operations,Cairo,E12541,Marie Alexander,94400.0,P11356,Filled,Full-Time,On-site,3,1.0
E11572,Emily Taylor,Female,22,2025-09-25,Active,Customer Support Specialist,6,G8,Customer Operations,Operations,Operations,Cairo,E12541,Marie Alexander,75500.0,P11357,Filled,Full-Time,On-site,4,1.0
E12878,Destiny Miller,Female,35,2020-08-28,Active,Senior Customer Service Agent,6,G7,Customer Operations,Operations,Operations,Cairo,E12541,Marie Alexander,69300.0,P11358,Filled,Full-Time,Hybrid,3,6.1
E10505,Juan Greene,Male,30,2024-01-03,Active,Senior Customer Service Agent,6,G10,Customer Operations,Operations,Operations,Cairo,E12541,Marie Alexander,83400.0,P11359,Filled,Contractor,On-site,4,2.7
E12553,Lisa Maxwell,Female,30,2022-08-04,Active,Senior Customer Service Agent,6,G9,Customer Operations,Operations,Operations,Cairo,E12541,Marie Alexander,80100.0,P11360,Filled,Full-Time,On-site,3,4.1
E14869,Melissa Abbott,Female,40,2008-10-27,Active,Customer Service Supervisor,5,G11,Customer Operations,Operations,Operations,Cairo,E14656,Joseph Smith,142000.0,P11361,Filled,Full-Time,Remote,4,17.9
E14807,Mary Turner,Female,30,2017-09-25,Active,Senior Customer Service Agent,6,G6,Customer Operations,Operations,Operations,Cairo,E14869,Melissa Abbott,87900.0,P11362,Filled,Full-Time,Hybrid,4,9.0
E13943,Joseph Hicks,Male,29,2018-09-25,Active,Call Center Agent,6,G9,Customer Operations,Operations,Operations,Cairo,E14869,Melissa Abbott,77500.0,P11363,Filled,Full-Time,On-site,3,8.0
E11383,Nicole Phillips,Female,24,2023-09-26,Active,Customer Service Agent,6,G9,Customer Operations,Operations,Operations,Cairo,E14869,Melissa Abbott,73700.0,P11364,Filled,Full-Time,Hybrid,3,3.0
E11371,Anthony Hurst,Male,23,2025-03-29,On Leave,Call Center Agent,6,G8,Customer Operations,Operations,Operations,Cairo,E14869,Melissa Abbott,75000.0,P11365,Filled,Full-Time,On-site,3,1.5
E11531,Tina Simpson,Female,28,2023-11-15,Active,Customer Support Specialist,6,G9,Customer Operations,Operations,Operations,Cairo,E14869,Melissa Abbott,78800.0,P11366,Filled,Full-Time,On-site,4,2.9
E13183,Brian Porter,Male,27,2024-03-23,Active,Customer Service Agent,6,G8,Customer Operations,Operations,Operations,Cairo,E14869,Melissa Abbott,73700.0,P11367,Filled,Full-Time,Hybrid,2,2.5
E11755,Kirk Rice,Male,39,2023-03-14,Active,Senior Customer Service Agent,6,G8,Customer Operations,Operations,Operations,Cairo,E14869,Melissa Abbott,86100.0,P11368,Filled,Full-Time,On-site,1,3.5
E10293,Vanessa Hatfield,Female,30,2025-06-25,Active,Senior Customer Service Agent,6,G10,Customer Operations,Operations,Operations,Cairo,E14869,Melissa Abbott,96700.0,P11369,Filled,Part-Time,Remote,5,1.3
E10548,Timothy Anderson,Male,27,2021-10-08,Active,Call Center Agent,6,G9,Customer Operations,Operations,Operations,Cairo,E14869,Melissa Abbott,78200.0,P11370,Filled,Full-Time,Hybrid,3,5.0
E12253,Scott Carroll,Male,36,2024-01-19,Active,Senior Customer Service Agent,6,G7,Customer Operations,Operations,Operations,Cairo,E14869,Melissa Abbott,91300.0,P11371,Filled,Full-Time,Remote,3,2.7
E11092,Jacob Vega,Male,29,2018-09-25,Active,Senior Customer Service Agent,6,G8,Customer Operations,Operations,Operations,Cairo,E14869,Melissa Abbott,98600.0,P11372,Filled,Contractor,On-site,3,8.0
E13603,Phillip Best,Male,39,2010-08-03,Active,Customer Service Supervisor,5,G10,Customer Operations,Operations,Operations,Cairo,E14656,Joseph Smith,150700.0,P11373,Filled,Full-Time,On-site,3,16.1
E14257,Randy Smith,Male,31,2022-04-13,Active,Call Center Agent,6,G8,Customer Operations,Operations,Operations,Cairo,E13603,Phillip Best,78700.0,P11374,Filled,Full-Time,On-site,4,4.5
E10682,Andrea Baker,Female,38,2016-03-01,Active,Call Center Agent,6,G6,Customer Operations,Operations,Operations,Cairo,E13603,Phillip Best,78400.0,P11375,Filled,Full-Time,On-site,3,10.6
E14438,Andrew Brown,Male,25,2022-09-25,Active,Call Center Agent,6,G6,Customer Operations,Operations,Operations,Cairo,E13603,Phillip Best,81200.0,P11376,Filled,Full-Time,On-site,3,4.0
E13583,Richard Hunter,Male,31,2016-09-25,Active,Call Center Agent,6,G6,Customer Operations,Operations,Operations,Cairo,E13603,Phillip Best,93100.0,P11377,Filled,Full-Time,On-site,3,10.0
E13586,Lori Mason,Female,27,2025-07-09,Active,Customer Service Agent,6,G9,Customer Operations,Operations,Operations,Cairo,E13603,Phillip Best,85900.0,P11378,Filled,Full-Time,Remote,3,1.2
E10270,Jason Miles,Male,36,2024-10-17,Active,Senior Customer Service Agent,6,G10,Customer Operations,Operations,Operations,Cairo,E13603,Phillip Best,89600.0,P11379,Filled,Full-Time,On-site,4,1.9
E12582,Bradley Herrera,Male,36,2014-07-18,Active,Senior Customer Service Agent,6,G8,Customer Operations,Operations,Operations,Cairo,E13603,Phillip Best,118400.0,P11380,Filled,Full-Time,On-site,3,12.2
E10998,Lisa Ramirez,Female,21,2026-08-20,Active,Customer Support Specialist,6,G9,Customer Operations,Operations,Operations,Cairo,E13603,Phillip Best,78200.0,P11381,Filled,Full-Time,Hybrid,4,0.1
E13199,Eric Dixon,Male,30,2026-01-05,Active,Senior Customer Service Agent,6,G9,Customer Operations,Operations,Operations,Riyadh,E13603,Phillip Best,89000.0,P11382,Filled,Full-Time,On-site,4,0.7
E12599,Dalton Morton,Male,26,2022-05-24,Active,Call Center Agent,6,G7,Customer Operations,Operations,Operations,Cairo,E13603,Phillip Best,80800.0,P11383,Filled,Full-Time,On-site,4,4.3
E10022,Joshua Myers,Male,43,2023-07-12,Active,Chief Commercial Officer,1,G19,Executive Office,Executive Office,Corporate Services,Riyadh,E11673,Mark Johnson,1100900.0,P11384,Filled,Full-Time,On-site,3,3.2
E11361,Mark Davenport,Male,33,2014-09-25,Active,Executive Assistant,6,G9,Executive Office,Executive Office,Corporate Services,Riyadh,E10022,Joshua Myers,128400.0,P11385,Filled,Full-Time,On-site,2,12.0
E11573,Michael Jones,Male,47,2008-09-29,Active,"Director, Sales",2,G17,Sales,Commercial,Commercial,Riyadh,E10022,Joshua Myers,610400.0,P11386,Filled,Full-Time,Hybrid,4,18.0
E11709,Michael Blair,Male,38,2009-09-25,Active,Regional Sales Director,3,G14,Sales,Commercial,Commercial,Riyadh,E11573,Michael Jones,395100.0,P11387,Filled,Full-Time,On-site,2,17.0
E14777,Ryan Brown,Male,35,2012-09-25,Active,Sales Manager,4,G13,Sales,Commercial,Commercial,Riyadh,E11709,Michael Blair,289100.0,P11388,Filled,Full-Time,On-site,2,14.0
E10631,Angelica Hamilton,Female,33,2023-01-01,Active,Senior Sales Representative,6,G6,Sales,Commercial,Commercial,Jeddah,E14777,Ryan Brown,146100.0,P11389,Filled,Full-Time,On-site,3,3.7
E13291,Jody Lynch,Female,40,2016-07-22,Active,Sales Representative,6,G6,Sales,Commercial,Commercial,Riyadh,E14777,Ryan Brown,136400.0,P11390,Filled,Full-Time,Hybrid,3,10.2
E14267,Eric Harmon,Male,29,2021-09-29,Active,Key Account Manager,6,G5,Sales,Commercial,Commercial,Riyadh,E14777,Ryan Brown,107300.0,P11391,Filled,Contractor,On-site,2,5.0
E14287,Patrick Wilson,Male,31,2016-09-25,Active,Key Account Manager,6,G5,Sales,Commercial,Commercial,Riyadh,E14777,Ryan Brown,121900.0,P11392,Filled,Full-Time,Hybrid,5,10.0
E14669,Michelle Miles,Female,23,2024-09-25,Active,Sales Executive,6,G6,Sales,Commercial,Commercial,Riyadh,E14777,Ryan Brown,111600.0,P11393,Filled,Full-Time,On-site,4,2.0
E10237,Carla Benton,Female,35,2015-08-10,Active,Senior Sales Representative,6,G6,Sales,Commercial,Commercial,Riyadh,E14777,Ryan Brown,147900.0,P11394,Filled,Contractor,Hybrid,2,11.1
E11773,Kelly Logan,Female,24,2023-09-26,Active,Senior Sales Representative,6,G10,Sales,Commercial,Commercial,Dubai,E14777,Ryan Brown,133400.0,P11395,Filled,Full-Time,Hybrid,3,3.0
E13627,Nathan Jackson,Male,29,2024-04-18,On Leave,Account Executive,6,G6,Sales,Commercial,Commercial,Riyadh,E14777,Ryan Brown,124400.0,P11396,Filled,Full-Time,Hybrid,2,2.4
E10494,Cameron Norman,Male,31,2019-12-20,Active,Key Account Manager,6,G5,Sales,Commercial,Commercial,Riyadh,E14777,Ryan Brown,126100.0,P11397,Filled,Full-Time,On-site,3,6.8
E14199,Debra Tanner,Female,24,2023-09-26,Active,Sales Representative,6,G6,Sales,Commercial,Commercial,Riyadh,E14777,Ryan Brown,136800.0,P11398,Filled,Full-Time,On-site,3,3.0
E13469,Raymond Johnson,Male,36,2011-09-26,Active,Sales Manager,4,G12,Sales,Commercial,Commercial,Riyadh,E11709,Michael Blair,273500.0,P11399,Filled,Full-Time,On-site,2,15.0
E13444,Robert Nelson,Male,23,2024-09-25,Active,Sales Executive,6,G5,Sales,Commercial,Commercial,Dubai,E13469,Raymond Johnson,109700.0,P11400,Filled,Part-Time,Hybrid,2,2.0
E11604,Austin Joseph,Male,25,2022-09-25,Active,Sales Representative,6,G5,Sales,Commercial,Commercial,Riyadh,E13469,Raymond Johnson,109600.0,P11401,Filled,Full-Time,Hybrid,2,4.0
E13493,Laura Jones,Female,23,2024-09-25,Active,Account Executive,6,G5,Sales,Commercial,Commercial,Riyadh,E13469,Raymond Johnson,123300.0,P11402,Filled,Full-Time,On-site,2,2.0
E14285,Jesse Ward,Male,42,2015-05-10,Active,Senior Sales Representative,6,G9,Sales,Commercial,Commercial,Riyadh,E13469,Raymond Johnson,149200.0,P11403,Filled,Full-Time,Hybrid,4,11.4
E11682,Jonathan Bradley,Male,35,2024-09-22,Active,Key Account Manager,6,G6,Sales,Commercial,Commercial,Dubai,E13469,Raymond Johnson,104000.0,P11404,Filled,Full-Time,Hybrid,3,2.0
E13859,Holly Scott,Female,32,2024-10-16,Active,Key Account Manager,6,G8,Sales,Commercial,Commercial,Riyadh,E13469,Raymond Johnson,104700.0,P11405,Filled,Full-Time,Hybrid,3,1.9
E12592,Brian Berry,Male,21,2026-08-20,Active,Account Executive,6,G6,Sales,Commercial,Commercial,Jeddah,E13469,Raymond Johnson,111500.0,P11406,Filled,Full-Time,Hybrid,3,0.1
E12135,Nathan Perez,Male,30,2022-04-16,Active,Key Account Manager,6,G7,Sales,Commercial,Commercial,Riyadh,E13469,Raymond Johnson,130600.0,P11407,Filled,Full-Time,On-site,3,4.4
E11426,Jordan Williams,Male,22,2025-09-25,Active,Sales Executive,6,G6,Sales,Commercial,Commercial,Riyadh,E13469,Raymond Johnson,110900.0,P11408,Filled,Full-Time,Remote,4,1.0
E14693,Scott Sanchez,Male,29,2018-09-25,Active,Sales Executive,6,G6,Sales,Commercial,Commercial,Riyadh,E13469,Raymond Johnson,143100.0,P11409,Filled,Contractor,On-site,3,8.0
E10754,John Reyes,Male,29,2023-10-26,Active,Account Executive,6,G9,Sales,Commercial,Commercial,Riyadh,E13469,Raymond Johnson,110600.0,P11410,Filled,Full-Time,On-site,5,2.9
E11578,Brittany Velazquez,Female,43,2018-04-16,Active,Sales Manager,4,G13,Sales,Commercial,Commercial,Riyadh,E11709,Michael Blair,287900.0,P11411,Filled,Full-Time,Hybrid,3,8.4
,,,,,,Account Executive,6,G8,Sales,Commercial,Commercial,Riyadh,E11578,Brittany Velazquez,,P11412,Vacant,,,,
E12075,Shannon Tran,Female,33,2019-09-17,Active,Senior Sales Representative,6,G7,Sales,Commercial,Commercial,Riyadh,E11578,Brittany Velazquez,125600.0,P11413,Filled,Full-Time,Hybrid,5,7.0
E10674,Suzanne Yang,Female,38,2024-01-12,Active,Senior Sales Representative,6,G9,Sales,Commercial,Commercial,Riyadh,E11578,Brittany Velazquez,123100.0,P11414,Filled,Full-Time,On-site,3,2.7
E11511,Jason Morris,Male,35,2018-12-12,Active,Senior Sales Representative,6,G10,Sales,Commercial,Commercial,Riyadh,E11578,Brittany Velazquez,141500.0,P11415,Filled,Full-Time,On-site,1,7.8
E14663,Jennifer Cortez,Female,31,2016-09-25,Active,Sales Executive,6,G9,Sales,Commercial,Commercial,Riyadh,E11578,Brittany Velazquez,137100.0,P11416,Filled,Full-Time,On-site,5,10.0
E10229,Devon Miller,Male,32,2025-07-25,Active,Account Executive,6,G5,Sales,Commercial,Commercial,Riyadh,E11578,Brittany Velazquez,110400.0,P11417,Filled,Full-Time,Hybrid,4,1.2
E14129,Jake Shaw,Male,29,2022-03-23,Active,Senior Sales Representative,6,G10,Sales,Commercial,Commercial,Riyadh,E11578,Brittany Velazquez,,P11418,Filled,Full-Time,On-site,3,4.5
E12060,Steven White,Male,44,2010-07-02,Active,Account Executive,6,G6,Sales,Commercial,Commercial,Riyadh,E11578,Brittany Velazquez,129700.0,P11419,Filled,Full-Time,Hybrid,3,16.2
E11444,Regina Jarvis,Female,31,2021-01-04,Active,Account Executive,6,G5,Sales,Commercial,Commercial,Riyadh,E11578,Brittany Velazquez,115500.0,P11420,Filled,Full-Time,On-site,4,5.7
E13205,Tiffany Jones,Female,37,2023-10-25,Active,Account Executive,6,G8,Sales,Commercial,Commercial,Riyadh,E11578,Brittany Velazquez,111500.0,P11421,Filled,Full-Time,On-site,2,2.9
E12667,Julie Campbell,Female,51,2023-09-12,Active,Regional Sales Director,3,G15,Sales,Commercial,Commercial,Riyadh,E11573,Michael Jones,280600.0,P11422,Filled,Full-Time,On-site,3,3.0
E12569,Ryan Murphy,Male,34,2013-09-25,Active,Sales Manager,4,G12,Sales,Commercial,Commercial,Riyadh,E12667,Julie Campbell,321700.0,P11423,Filled,Full-Time,On-site,3,13.0
E10859,Juan Smith,Male,35,2018-01-28,Active,Sales Representative,6,G9,Sales,Commercial,Commercial,Riyadh,E12569,Ryan Murphy,130500.0,P11424,Filled,Full-Time,On-site,5,8.7
E10567,Curtis Elliott,Male,38,2022-03-06,Active,Senior Sales Representative,6,G10,Sales,Commercial,Commercial,Riyadh,E12569,Ryan Murphy,130300.0,P11425,Filled,Full-Time,Hybrid,3,4.6
E14077,Eric Dean,Male,38,2017-04-30,Active,Key Account Manager,6,G9,Sales,Commercial,Commercial,Riyadh,E12569,Ryan Murphy,117700.0,P11426,Filled,Full-Time,Hybrid,3,9.4
E12823,John Vargas,Male,27,2020-09-25,Active,Key Account Manager,6,G5,Sales,Commercial,Commercial,Riyadh,E12569,Ryan Murphy,116900.0,P11427,Filled,Full-Time,On-site,2,6.0
E13421,Katherine Barton,Female,24,2023-09-26,Active,Account Executive,6,G7,Sales,Commercial,Commercial,Riyadh,E12569,Ryan Murphy,119000.0,P11428,Filled,Contractor,Hybrid,4,3.0
E13705,Craig Mccullough,Male,25,2023-03-30,Active,Key Account Manager,6,G6,Sales,Commercial,Commercial,Riyadh,E12569,Ryan Murphy,106400.0,P11429,Filled,Full-Time,Hybrid,4,3.5
E12462,Philip Sanchez,Male,37,2011-08-15,Active,Sales Representative,6,G7,Sales,Commercial,Commercial,Riyadh,E12569,Ryan Murphy,136100.0,P11430,Filled,Full-Time,On-site,3,15.1
E14794,Aaron Ortiz,Male,36,2023-10-13,Active,Account Executive,6,G5,Sales,Commercial,Commercial,Riyadh,E12569,Ryan Murphy,99700.0,P11431,Filled,Contractor,On-site,3,3.0
E10576,David Reed,Male,37,2019-10-09,Active,Sales Manager,4,G13,Sales,Commercial,Commercial,Riyadh,E12667,Julie Campbell,238500.0,P11432,Filled,Full-Time,On-site,3,7.0
E14016,Ryan Wiley,Male,22,2025-09-25,Active,Key Account Manager,6,G7,Sales,Commercial,Commercial,Riyadh,E10576,David Reed,96200.0,P11433,Filled,Full-Time,On-site,3,1.0
E14708,Trevor Smith,Male,30,2017-09-25,Active,Senior Sales Representative,6,G10,Sales,Commercial,Commercial,Riyadh,E10576,David Reed,137800.0,P11434,Filled,Full-Time,On-site,2,9.0
E12570,Mary Sweeney,Female,39,2024-04-05,Active,Sales Executive,6,G8,Sales,Commercial,Commercial,Riyadh,E10576,David Reed,138400.0,P11435,Filled,Full-Time,Hybrid,3,2.5
E10970,Monica Garcia,Female,33,2024-07-07,Active,Sales Representative,6,G5,Sales,Commercial,Commercial,Riyadh,E10576,David Reed,108900.0,P11436,Filled,Contractor,On-site,3,2.2
E13344,Joseph Allen,Male,33,2021-12-23,Active,Senior Sales Representative,6,G6,Sales,Commercial,Commercial,Riyadh,E10576,David Reed,145600.0,P11437,Filled,Full-Time,Hybrid,4,4.8
E13827,Katherine Brown,Female,31,2023-04-09,Active,Sales Representative,6,G7,Sales,Commercial,Commercial,Riyadh,E10576,David Reed,118500.0,P11438,Filled,Contractor,Hybrid,3,3.5
E12080,Yolanda Dawson,Female,33,2019-07-15,Active,Account Executive,6,G7,Sales,Commercial,Commercial,Riyadh,E10576,David Reed,108500.0,P11439,Filled,Full-Time,Hybrid,1,7.2
E11582,Anna Morse,Female,29,2021-06-11,Active,Account Executive,6,G6,Sales,Commercial,Commercial,Jeddah,E10576,David Reed,126400.0,P11406,Filled,Contractor,Hybrid,4,5.3
E14856,Stephanie Meyer,Female,38,2023-10-18,Active,Senior Sales Representative,6,G7,Sales,Commercial,Commercial,Jeddah,E10576,David Reed,172100.0,P11441,Filled,Full-Time,On-site,1,2.9
E13789,Michael Watson,Male,30,2025-07-11,Active,Sales Executive,6,G9,Sales,Commercial,Commercial,Riyadh,E10576,David Reed,110700.0,P11442,Filled,Full-Time,Hybrid,4,1.2
E12913,William Miller,Male,34,2026-01-24,Active,Sales Representative,6,G7,Sales,Commercial,Commercial,Riyadh,E10576,David Reed,101700.0,P11443,Filled,Full-Time,On-site,3,0.7
E11554,Anna Anderson,Female,35,2024-08-09,Active,Sales Manager,4,G13,Sales,Commercial,Commercial,Riyadh,E12667,Julie Campbell,218900.0,P11444,Filled,Full-Time,Hybrid,3,2.1
E10139,Sally Jones,Female,33,2023-03-17,Active,Key Account Manager,6,G8,Sales,Commercial,Commercial,Riyadh,E11554,Anna Anderson,123700.0,P11445,Filled,Full-Time,On-site,3,3.5
E12316,Keith Graham,Male,30,2019-09-29,Active,Sales Representative,6,G8,Sales,Commercial,Commercial,Riyadh,E11554,Anna Anderson,109900.0,P11446,Filled,Full-Time,On-site,3,7.0
E12838,Victor Young,Male,27,2022-09-20,Active,Senior Sales Representative,6,G8,Sales,Commercial,Commercial,Riyadh,E11554,Anna Anderson,123400.0,P11447,Filled,Full-Time,Hybrid,2,4.0
E10695,Dean Edwards,Male,35,2024-10-04,Active,Sales Representative,6,G9,Sales,Commercial,Commercial,Riyadh,E11554,Anna Anderson,126700.0,P11448,Filled,Full-Time,Hybrid,3,2.0
E13226,Rebecca Haynes,Female,33,2024-05-05,Active,Account Executive,6,G6,Sales,Commercial,Commercial,Riyadh,E11554,Anna Anderson,99200.0,P11449,Filled,Full-Time,Hybrid,4,2.4
E14406,Nicolas Stewart,Male,26,2022-08-20,Active,Sales Representative,6,G5,Sales,Commercial,Commercial,Riyadh,E11554,Anna Anderson,115000.0,P11450,Filled,Full-Time,Hybrid,3,4.1
E12651,Denise Jones,Female,29,2018-09-25,Active,Senior Sales Representative,6,G6,Sales,Commercial,Commercial,Riyadh,E11554,Anna Anderson,165100.0,P11451,Filled,Full-Time,On-site,5,8.0
E13725,Dale Chan,Male,32,2023-05-25,Active,Sales Representative,6,G7,Sales,Commercial,Commercial,Riyadh,E11554,Anna Anderson,98900.0,P11452,Filled,Full-Time,Hybrid,4,3.3
E13381,Kevin Moore,Male,32,2023-06-06,Active,Sales Representative,6,G9,Sales,Commercial,Commercial,Riyadh,E11554,Anna Anderson,119900.0,P11453,Filled,Full-Time,Hybrid,3,3.3
,,,,,,Sales Executive,6,G6,Sales,Commercial,Commercial,Riyadh,E11554,Anna Anderson,,P11454,Vacant,,,,
E12845,Christopher Owens,Male,37,2022-09-26,Active,Account Executive,6,G5,Sales,Commercial,Commercial,Riyadh,E11554,Anna Anderson,106100.0,P11455,Filled,Full-Time,On-site,3,4.0
E10900,Jason Herrera,Male,37,2021-07-22,Active,Regional Sales Director,3,G14,Sales,Commercial,Commercial,Riyadh,E11573,Michael Jones,331300.0,P11456,Filled,Full-Time,On-site,3,5.2
E13351,Vincent Clark,Male,32,2015-09-26,Active,Sales Manager,4,G13,Sales,Commercial,Commercial,Riyadh,E10900,Jason Herrera,308700.0,P11457,Filled,Full-Time,Hybrid,3,11.0
E11615,Eric Baker,Male,33,2021-10-23,Active,Sales Executive,6,G7,Sales,Commercial,Commercial,Riyadh,E13351,Vincent Clark,103500.0,P11458,Filled,Full-Time,On-site,4,4.9
E12958,Barbara Moore,Female,36,2017-09-27,Active,Senior Sales Representative,6,G10,Sales,Commercial,Commercial,Riyadh,E13351,Vincent Clark,142000.0,P11459,Filled,Contractor,On-site,4,9.0
E11217,Melissa Mckenzie,Female,23,2024-09-25,Active,Sales Executive,6,G9,Sales,Commercial,Commercial,Riyadh,E13351,Vincent Clark,129000.0,P11460,Filled,Full-Time,On-site,4,2.0
E14892,Melissa Williams,Female,30,2022-05-01,Active,Account Executive,6,G6,Sales,Commercial,Commercial,Riyadh,E13351,Vincent Clark,138800.0,P11461,Filled,Full-Time,On-site,3,4.4
E14188,Sara Murphy,Female,37,2024-11-01,Active,Senior Sales Representative,6,G10,Sales,Commercial,Commercial,Riyadh,E13351,Vincent Clark,156900.0,P11462,Filled,Full-Time,On-site,1,1.9
E14949,Brandon Wright,Male,28,2025-01-28,Active,Senior Sales Representative,6,G10,Sales,Commercial,Commercial,Riyadh,E13351,Vincent Clark,124400.0,P11463,Filled,Full-Time,Hybrid,3,1.7
E10172,Heather Palmer,Female,30,2019-03-14,Active,Key Account Manager,6,G9,Sales,Commercial,Commercial,Riyadh,E13351,Vincent Clark,123100.0,P11464,Filled,Full-Time,Hybrid,3,7.5
E11872,Michael Green,Male,21,2026-08-20,Active,Account Executive,6,G9,Sales,Commercial,Commercial,Riyadh,E13351,Vincent Clark,102500.0,P11465,Filled,Full-Time,Hybrid,3,0.1
E12511,Wanda Johnson,Female,35,2024-08-29,Active,Sales Executive,6,G7,Sales,Commercial,Commercial,Riyadh,E13351,Vincent Clark,114900.0,P11466,Filled,Full-Time,On-site,3,2.1
E13693,Jared Chavez,Male,42,2015-09-10,Active,Sales Manager,4,G13,Sales,Commercial,Commercial,Riyadh,E10900,Jason Herrera,244900.0,P11467,Filled,Full-Time,Remote,4,11.0
E11109,Paul Wright,Male,28,2019-09-26,Active,Senior Sales Representative,6,G7,Sales,Commercial,Commercial,Riyadh,E13693,Jared Chavez,145400.0,P11468,Filled,Full-Time,Hybrid,2,7.0
E11932,Julia Lara,Female,34,2025-06-06,Active,Key Account Manager,6,G5,Sales,Commercial,Commercial,Riyadh,E13693,Jared Chavez,118800.0,P11469,Filled,Full-Time,On-site,4,1.3
E13479,Brenda Smith,Female,30,2023-04-21,Active,Key Account Manager,6,G7,Sales,Commercial,Commercial,Riyadh,E13693,Jared Chavez,104400.0,P11470,Filled,Full-Time,On-site,2,3.4
E10472,Sandra Haas,Female,31,2020-09-01,Active,Sales Representative,6,G8,Sales,Commercial,Commercial,Riyadh,,,128800.0,P11471,Filled,Full-Time,On-site,3,6.1
E11586,Carlos Colon,Male,33,2025-11-05,Active,Sales Executive,6,G5,Sales,Commercial,Commercial,Jeddah,E13693,Jared Chavez,108300.0,P11472,Filled,Full-Time,Hybrid,4,0.9
E12120,Jaime Mccoy,Male,29,2024-02-14,Active,Account Executive,6,G6,Sales,Commercial,Commercial,Riyadh,E13693,Jared Chavez,134200.0,P11473,Filled,Full-Time,Hybrid,5,2.6
E10255,Maria Aguilar,Female,28,2023-01-13,Active,Sales Representative,6,G6,Sales,Commercial,Commercial,Riyadh,E13693,Jared Chavez,107100.0,P11474,Filled,Full-Time,On-site,3,3.7
E11154,David Hess,Male,37,2021-04-24,Active,Key Account Manager,6,G6,Sales,Commercial,Commercial,Riyadh,E13693,Jared Chavez,126900.0,P11475,Filled,Full-Time,On-site,3,5.4
E12808,Alison Brown,Female,27,2023-06-17,Active,Key Account Manager,6,G8,Sales,Commercial,Commercial,Riyadh,E13693,Jared Chavez,110800.0,P11476,Filled,Full-Time,On-site,3,3.3
E14805,Steven Ramos,Male,33,2023-08-06,Active,Sales Representative,6,G8,Sales,Commercial,Commercial,Riyadh,E13693,Jared Chavez,114800.0,P11477,Filled,Full-Time,Hybrid,3,3.1
E12393,Carl Stein,Male,37,2019-10-04,Active,Key Account Manager,6,G8,Sales,Commercial,Commercial,Riyadh,E13693,Jared Chavez,116100.0,P11478,Filled,Full-Time,On-site,3,7.0
E11519,Sandra Rivera,Female,31,2022-04-05,Active,Sales Manager,4,G12,Sales,Commercial,Commercial,Riyadh,E10900,Jason Herrera,222200.0,P11479,Filled,Full-Time,On-site,3,4.5
E11688,Andrew Murray,Male,28,2021-07-25,Active,Sales Executive,6,G8,Sales,Commercial,Commercial,Riyadh,E11519,Sandra Rivera,103700.0,P11480,Filled,Full-Time,On-site,3,5.2
E14012,Carol Berry,Female,40,2014-08-06,Active,Account Executive,6,G8,Sales,Commercial,Commercial,Riyadh,E11519,Sandra Rivera,129800.0,P11481,Filled,Full-Time,On-site,3,12.1
E11031,Roberto Foster,Male,26,2024-10-15,Active,Sales Representative,6,G8,Sales,Commercial,Commercial,Riyadh,E11519,Sandra Rivera,103600.0,P11482,Filled,Full-Time,Hybrid,3,1.9
E12049,Allen Vega,Male,33,2022-12-17,On Leave,Senior Sales Representative,6,G9,Sales,Commercial,Commercial,Riyadh,E11519,Sandra Rivera,138600.0,P11483,Filled,Full-Time,On-site,3,3.8
E11909,Christopher Lewis,Male,33,2021-08-01,Active,Sales Executive,6,G9,Sales,Commercial,Commercial,Riyadh,E11519,Sandra Rivera,113100.0,P11484,Filled,Full-Time,Hybrid,2,5.2
E11122,Cody Ramirez,Male,23,2024-09-25,Active,Account Executive,6,G8,Sales,Commercial,Commercial,Riyadh,E11519,Sandra Rivera,111500.0,P11485,Filled,Full-Time,On-site,2,2.0
E13530,Stephen Johnson,Male,32,2022-11-29,Active,Sales Executive,6,G5,Sales,Commercial,Commercial,Dubai,E11519,Sandra Rivera,117900.0,P11486,Filled,Contractor,Hybrid,3,3.8
E11556,Manuel Sanchez,Male,26,2021-09-25,Active,Sales Representative,6,G6,Sales,Commercial,Commercial,Riyadh,E11519,Sandra Rivera,135800.0,P11487,Filled,Full-Time,Hybrid,3,5.0
E11997,Edward Jenkins,Male,33,2019-03-16,Active,Key Account Manager,6,G5,Sales,Commercial,Commercial,Riyadh,E11519,Sandra Rivera,137600.0,P11488,Filled,Full-Time,On-site,3,7.5
E10354,Juan Brown,Male,30,2022-08-08,Active,Key Account Manager,6,G9,Sales,Commercial,Commercial,Riyadh,E11519,Sandra Rivera,124000.0,P11489,Filled,Full-Time,On-site,4,4.1
E10667,Diana Taylor,Female,43,2019-08-24,Active,"Director, Marketing",2,G16,Marketing,Commercial,Commercial,Riyadh,E10022,Joshua Myers,535300.0,P11490,Filled,Full-Time,On-site,5,7.1
E12949,Christina Wilkerson,Female,33,2018-01-15,Terminated,Marketing Manager,4,G13,Marketing,Commercial,Commercial,Riyadh,E10667,Diana Taylor,235700.0,P11491,Filled,Full-Time,Hybrid,4,8.7
E13177,Joseph Mccoy,Male,36,2020-07-11,Active,Digital Marketing Specialist,6,G6,Marketing,Commercial,Commercial,Riyadh,E12949,Christina Wilkerson,121800.0,P11492,Filled,Full-Time,Hybrid,4,6.2
E11501,Rebekah Norton,Female,36,2025-06-20,Active,Brand Specialist,6,G9,Marketing,Commercial,Commercial,Riyadh,E12949,Christina Wilkerson,109600.0,P11493,Filled,Full-Time,Hybrid,3,1.3
E10932,William Casey,Male,32,2021-07-08,Active,Content Specialist,6,G5,Marketing,Commercial,Commercial,Riyadh,E12949,Christina Wilkerson,109400.0,P11494,Filled,Full-Time,Hybrid,3,5.2
,,,,,,Content Specialist,6,G6,Marketing,Commercial,Commercial,Riyadh,E12949,Christina Wilkerson,,P11495,Vacant,,,,
E10137,Ian Stephens,Male,22,2025-09-25,Active,Content Specialist,6,G9,Marketing,Commercial,Commercial,Riyadh,E12949,Christina Wilkerson,112900.0,P11496,Filled,Full-Time,On-site,4,1.0
E10277,John Durham,Male,28,2022-06-21,Active,Marketing Specialist,6,G9,Marketing,Commercial,Commercial,Riyadh,E12949,Christina Wilkerson,108200.0,P11497,Filled,Full-Time,Remote,4,4.3
E10791,Kathryn Price,Female,30,2021-01-05,Active,Marketing Specialist,6,G6,Marketing,Commercial,Commercial,Riyadh,E12949,Christina Wilkerson,130500.0,P11498,Filled,Full-Time,On-site,2,5.7
E14678,Christopher Flores,Male,38,2019-01-06,On Leave,Digital Marketing Specialist,6,G7,Marketing,Commercial,Commercial,Riyadh,E12949,Christina Wilkerson,132100.0,P11499,Filled,Part-Time,Remote,3,7.7
E12417,Daniel Huang,Male,35,2018-01-23,Active,Marketing Analyst,6,G5,Marketing,Commercial,Commercial,Riyadh,E12949,Christina Wilkerson,119000.0,P11500,Filled,Full-Time,On-site,1,8.7
E14356,Paula Brown,Female,31,2022-04-25,Active,Marketing Analyst,6,G7,Marketing,Commercial,Commercial,Riyadh,E12949,Christina Wilkerson,125000.0,P11501,Filled,Full-Time,Hybrid,3,4.4
E13179,William Moreno,Male,44,2010-05-30,Active,Marketing Manager,4,G13,Marketing,Commercial,Commercial,Riyadh,E10667,Diana Taylor,308100.0,P11502,Filled,Full-Time,Hybrid,4,16.3
E14583,Randall Key,Male,31,2019-04-28,Active,Marketing Analyst,6,G5,Marketing,Commercial,Commercial,Riyadh,E13179,William Moreno,114400.0,P11503,Filled,Full-Time,Hybrid,3,7.4
E13214,William Garcia,Male,35,2013-06-22,Active,Content Specialist,6,G9,Marketing,Commercial,Commercial,Riyadh,E13179,William Moreno,134700.0,P11504,Filled,Full-Time,On-site,4,13.3
E14754,Matthew Adams,Male,34,2022-07-23,On Leave,Marketing Analyst,6,G7,Marketing,Commercial,Commercial,Riyadh,E13179,William Moreno,104300.0,P11505,Filled,Full-Time,Hybrid,1,4.2
E12645,Rose Stark,Female,23,2024-09-25,Active,Marketing Analyst,6,G5,Marketing,Commercial,Commercial,Riyadh,E13179,William Moreno,101600.0,P11506,Filled,Full-Time,On-site,3,2.0
E14092,Anthony Davies,Male,31,2023-06-29,Active,Brand Specialist,6,G7,Marketing,Commercial,Commercial,Riyadh,E13179,William Moreno,103800.0,P11507,Filled,Full-Time,Hybrid,3,3.2
E10596,Colleen Bradford,Female,36,2022-02-02,Active,Marketing Analyst,6,G8,Marketing,Commercial,Commercial,Riyadh,E13179,William Moreno,95100.0,P11508,Filled,Full-Time,Remote,4,4.6
E13392,Robert Kelly,Male,35,2018-11-01,Active,Marketing Specialist,6,G7,Marketing,Commercial,Commercial,Riyadh,E13179,William Moreno,125700.0,P11509,Filled,Full-Time,On-site,3,7.9
E14025,Ryan Bruce,Male,31,2019-03-14,Active,Brand Specialist,6,G6,Marketing,Commercial,Commercial,Riyadh,E13179,William Moreno,126600.0,P11510,Filled,Part-Time,On-site,3,7.5
E11958,Casey Watkins,Female,37,2022-07-28,Active,Content Specialist,6,G6,Marketing,Commercial,Commercial,Riyadh,E12153,Christina Anderson,103200.0,P11511,Filled,Full-Time,Hybrid,3,4.2
E12063,Robert Wolfe,Male,27,2021-09-20,Active,Marketing Specialist,6,G5,Marketing,Commercial,Commercial,Riyadh,E13179,William Moreno,145900.0,P11512,Filled,Full-Time,Hybrid,3,5.0
E14165,Thomas Johnson,Male,34,2015-02-13,Active,Marketing Manager,4,G12,Marketing,Commercial,Commercial,Riyadh,E10667,Diana Taylor,276500.0,P11513,Filled,Full-Time,On-site,4,11.6
E10591,Michael Meza,Male,27,2020-09-25,Active,Brand Specialist,6,G6,Marketing,Commercial,Commercial,Riyadh,E11958,Casey Watkins,112500.0,P11514,Filled,Full-Time,Hybrid,3,6.0
E12100,Justin Hart,Male,31,2017-08-27,Active,Content Specialist,6,G7,Marketing,Commercial,Commercial,Riyadh,E14165,Thomas Johnson,117200.0,P11515,Filled,Full-Time,Remote,2,9.1
E10728,Chelsea Travis,Female,28,2024-07-20,Active,Digital Marketing Specialist,6,G7,Marketing,Commercial,Commercial,Riyadh,E14165,Thomas Johnson,106000.0,P11516,Filled,Contractor,On-site,1,2.2
E11681,Stephen Vasquez,Male,27,2020-09-25,Active,Content Specialist,6,G8,Marketing,Commercial,Commercial,Riyadh,E14165,Thomas Johnson,110400.0,P11517,Filled,Full-Time,On-site,4,6.0
E11168,Ellen Henry,Female,40,2018-11-13,Active,Brand Specialist,6,G8,Marketing,Commercial,Commercial,Riyadh,E14165,Thomas Johnson,119400.0,P11518,Filled,Contractor,On-site,3,7.9
E14205,Brandon Hall,Male,34,2018-03-25,Active,Digital Marketing Specialist,6,G6,Marketing,Commercial,Commercial,Riyadh,E14165,Thomas Johnson,103800.0,P11519,Filled,Full-Time,Hybrid,2,8.5
E12690,Daniel Fox,Male,30,2017-09-25,Active,Brand Specialist,6,G8,Marketing,Commercial,Commercial,Riyadh,E14165,Thomas Johnson,130100.0,P11520,Filled,Full-Time,Remote,4,9.0
E11653,Aaron Hardin,Male,33,2019-11-27,Active,Digital Marketing Specialist,6,G8,Marketing,Commercial,Commercial,Riyadh,E14165,Thomas Johnson,123500.0,P11521,Filled,Full-Time,On-site,3,6.8
E12153,Christina Anderson,Female,42,2021-09-08,Active,Marketing Specialist,6,G5,Marketing,Commercial,Commercial,Riyadh,E10591,Michael Meza,127500.0,P11522,Filled,Full-Time,Hybrid,4,5.0
E11427,Mitchell Sellers,Male,33,2022-05-11,Active,Digital Marketing Specialist,6,G5,Marketing,Commercial,Commercial,Riyadh,E14165,Thomas Johnson,115800.0,P11523,Filled,Full-Time,Hybrid,2,4.4
E14191,Ryan Morris,Male,28,2021-01-03,Active,Brand Specialist,6,G7,Marketing,Commercial,Commercial,Riyadh,E14165,Thomas Johnson,124700.0,P11524,Filled,Full-Time,Hybrid,4,5.7
E11749,Alex Willis,Male,43,2008-11-26,Active,"Director, Business Development",2,G16,Business Development,Commercial,Commercial,Riyadh,E10022,Joshua Myers,710800.0,P11525,Filled,Full-Time,On-site,3,17.8
E12269,Thomas Schroeder,Male,27,2025-06-28,Active,Business Development Analyst,6,G8,Business Development,Commercial,Commercial,Riyadh,E11749,Alex Willis,110000.0,P11526,Filled,Contractor,On-site,3,1.2
E13567,Ryan Valencia,Male,27,2022-02-21,Active,Partnership Specialist,6,G6,Business Development,Commercial,Commercial,Riyadh,E11749,Alex Willis,158200.0,P11527,Filled,Full-Time,On-site,2,4.6
E13013,Tyler Brooks,Male,43,2025-10-11,Active,Business Development Executive,6,G8,Business Development,Commercial,Commercial,Riyadh,E11749,Alex Willis,132500.0,P11528,Filled,Full-Time,On-site,4,1.0
E13781,Teresa Foster,Female,43,2025-05-15,Active,Business Development Executive,6,G5,Business Development,Commercial,Commercial,Riyadh,E11749,Alex Willis,134400.0,P11529,Filled,Contractor,Hybrid,3,1.4
E10876,Ashlee Turner,Female,31,2019-07-06,Active,Partnership Specialist,6,G6,Business Development,Commercial,Commercial,Riyadh,E11749,Alex Willis,122500.0,P11530,Filled,Full-Time,On-site,3,7.2
E13838,Chad Moore,Male,33,2023-12-28,Active,Business Development Executive,6,G7,Business Development,Commercial,Commercial,Riyadh,E11749,Alex Willis,104200.0,P11531,Filled,Full-Time,On-site,3,2.7
E11655,Tiffany Conner,Female,30,2025-06-18,Active,Business Development Analyst,6,G7,Business Development,Commercial,Commercial,Riyadh,E11749,Alex Willis,125400.0,P11532,Filled,Full-Time,On-site,4,1.3
E10350,Tyler Banks,Male,33,2021-03-07,Active,Partnership Specialist,6,G8,Business Development,Commercial,Commercial,Riyadh,E11749,Alex Willis,127000.0,P11533,Filled,Contractor,Hybrid,5,5.6
E13196,Carrie Novak,Female,30,2025-08-25,Active,Business Development Executive,6,G9,Business Development,Commercial,Commercial,Dubai,E11749,Alex Willis,115000.0,P11534,Filled,Full-Time,On-site,3,1.1
E12040,Michael Mcfarland,Male,29,2025-11-25,Active,Partnership Specialist,6,G5,Business Development,Commercial,Commercial,Riyadh,E11749,Alex Willis,131100.0,P11535,Filled,Contractor,Remote,3,0.8
E14005,Richard Walker,Male,28,2022-01-06,Active,Business Development Analyst,6,G6,Business Development,Commercial,Commercial,Riyadh,E11749,Alex Willis,132000.0,P11536,Filled,Full-Time,Hybrid,4,4.7
E12978,Leah Thompson,Female,42,2024-02-02,Active,Head of Internal Audit,2,G17,Internal Audit,Governance,Corporate Services,Riyadh,E11673,Mark Johnson,630000.0,P11537,Filled,Full-Time,On-site,3,2.6
E10341,Eric Barker,Male,36,2014-02-15,Active,Internal Auditor,6,G9,Internal Audit,Governance,Corporate Services,Riyadh,E12978,Leah Thompson,125100.0,P11538,Filled,Full-Time,On-site,5,12.6
E13742,Cameron Daniel,Male,25,2022-09-25,Active,Internal Auditor,6,G8,Internal Audit,Governance,Corporate Services,Riyadh,E12978,Leah Thompson,124700.0,P11539,Filled,Full-Time,On-site,3,4.0
E14908,Travis Fry,Male,46,2001-09-25,Active,Strategy Director,2,G17,Strategy Office,Governance,Corporate Services,Riyadh,E11673,Mark Johnson,620900.0,P11540,Filled,Full-Time,On-site,3,25.0
,,,,,,Head of ESG & Sustainability,2,G16,ESG & Sustainability,Governance,Corporate Services,Riyadh,E11673,Mark Johnson,,P11541,Vacant,,,,
,,,,,,ESG Analyst,6,G6,ESG & Sustainability,Governance,Corporate Services,Riyadh,VAC-P11541,(Vacant),,P11542,Vacant,,,,
E13478,Brenda Mcgee,Male,25,2022-09-25,Active,Senior Accountant,6,G10,Accounting,Finance,Corporate Services,Riyadh,E10839,Matthew Rivera,149400.0,P99001,Filled,Full-Time,On-site,2,4.0
